기준연월,분석영역,00시,01시,02시,03시,04시,05시,06시,07시,08시,09시,10시,11시,12시,13시,14시,15시,16시,17시,18시,19시,20시,21시,22시,23시
201401,부전1동,28565,30196,35005,39488,44473,45363,32524,21974,21436,25425,28435,31860,34212,36594,37330,37664,34608,35687,35346,32297,30230,29086,29886,28726
201401,괘법동,59566,62728,67115,65726,60430,54691,45530,38425,40235,44301,45684,47171,48974,51175,51621,52144,48691,52252,54063,51654,53983,54579,55392,55396
201401,남포동,22988,25924,26982,25613,24398,21675,16155,12415,11291,12931,14697,17790,20951,23065,24738,25479,23695,24845,24438,24340,24536,23078,23039,21311
201401,부전2동,120001,144693,170073,176475,166859,113591,55837,32797,31650,40799,49193,56843,64087,69365,70994,73772,69375,74122,77482,80155,83390,85940,96067,101179
201401,우1동,84237,93590,105251,104698,95102,68782,52122,49332,48293,53146,53412,52325,51416,52693,53300,54063,50664,53837,52451,53361,59622,63400,69820,73891
201401,우2동,42630,37718,35386,32362,32109,32533,32199,34712,42580,53601,57659,61659,65868,71827,73869,74242,69015,70119,68258,62417,61199,55029,50209,44535
201402,부전1동,29972,33102,37643,42468,48291,45600,29898,19679,19819,26523,27491,33353,35841,37966,38722,32679,33138,33653,33372,30673,30371,28627,27173,27236
201402,남포동,30404,34188,36936,37044,36199,33619,24336,16383,14820,18327,18652,23823,27680,30120,32146,27671,28446,29672,29918,28923,30414,28535,26334,26432
201402,괘법동,60112,63351,66850,65029,60294,55593,47599,37606,39849,47962,45830,52071,54487,56050,56434,47926,49242,52768,56463,52815,57330,56371,52713,55174
201402,우1동,86963,96930,107982,110254,101050,69227,50064,43645,47419,55745,52298,56682,56432,57332,58487,50116,51832,54731,54685,54638,62829,66083,68317,75571
201402,우2동,42643,37823,35621,32467,32634,30910,31630,34034,42415,54745,55336,64293,69726,72840,75178,63556,65083,66357,66902,61359,61067,56339,49885,45469
201402,부전2동,130024,156158,183221,187643,177602,113478,53461,30385,31146,44435,49665,63417,73117,79130,81809,70744,73812,78402,84216,86633,93498,93542,97299,105931
201403,괘법동,60704,65176,67789,65354,61329,55382,43907,36510,40786,49095,47879,48419,50999,51556,52804,54053,51122,48315,57295,55830,54824,54936,54189,56692
201403,부전1동,30261,34198,40193,45943,50858,46295,28041,19157,19753,26720,28512,30728,32371,34370,35091,35760,33063,30222,33810,32060,29021,27531,27136,27829
201403,남포동,28476,33086,36350,36559,36548,32590,22585,15288,14145,17394,18444,21275,24043,26005,27334,28083,26244,24552,27993,28141,26956,25682,24578,25069
201403,부전2동,123788,152367,177622,182527,168767,105132,46489,28173,30192,43362,49488,56007,62469,67160,68534,71357,67981,65482,79590,84553,83510,84846,92269,101565
201403,우1동,83553,96958,111690,111941,102712,70125,47937,44667,46753,53758,51702,49807,48783,50504,52310,54595,51581,48149,53864,55644,57423,61363,65145,73083
201403,우2동,40990,36620,34677,31297,31140,29907,31147,35057,41182,53400,56102,56749,59706,63058,66104,67546,63416,57600,64675,61035,55247,52492,47070,44289
201404,남포동,12403,13984,14927,14691,13500,11518,8508,6407,6426,8470,9387,12346,13998,13775,14312,14451,13465,14090,14335,14880,13998,13158,12249,11517
201404,우1동,76134,86630,100190,101458,92062,61117,43757,41684,45490,51810,49483,51984,50126,47752,49660,51551,48728,50625,50300,52732,53890,57114,61486,67083
201404,괘법동,54058,57485,59421,56745,52181,48158,40040,35312,40889,48551,47222,52004,53277,49424,50975,51288,47994,51292,53616,52869,50966,50611,50576,51073
201404,부전1동,22397,25261,29972,34121,36255,31497,19204,13390,14351,19313,20633,24187,24952,24014,24660,24878,22741,23375,23862,23379,21129,20264,20330,20722
201404,부전2동,116576,142624,165434,173757,152705,88888,41617,28331,31190,43805,48844,58689,62421,60856,61979,63926,60003,64717,69614,76508,76343,79598,88495,97303
201404,우2동,38988,35619,34704,31975,30629,29171,29286,32060,38907,48683,48854,52866,53293,50310,52180,52908,49439,51238,51582,49418,46430,45143,42991,41513
201405,남포동,12778,13333,13899,13071,12098,10547,8686,7376,7267,9493,10942,12585,15746,15256,16068,16538,15319,16095,16017,15372,15261,14327,13527,12497
201405,부전1동,22655,25243,28663,32753,34143,30665,20850,15369,15047,19370,21488,22780,26223,24758,25466,25724,23418,24228,24471,22479,21301,20685,21196,21631
201405,우1동,78074,88109,98672,101027,92993,59155,42449,42509,44484,50672,51573,49079,52940,48870,50700,52402,49122,51231,50704,49637,53727,57976,65837,72413
201405,우2동,41091,38158,36592,34439,34017,29498,29201,33919,39819,49020,51811,51052,57528,53001,54237,54701,50096,51214,50935,45698,44707,45376,45477,44006
201405,괘법동,52183,55168,56646,54433,51373,43948,38625,36000,38715,45522,47046,46622,52964,47981,48998,49321,45977,49010,50715,46807,47316,47736,49567,50959
201405,부전2동,117870,145011,168028,175016,159423,86291,42313,30031,30629,41431,48273,52596,62828,60332,61930,63740,59926,64892,69094,69903,73248,77991,91143,101924
201406,우2동,42598,38306,35685,32677,31820,28974,30252,34475,43091,55955,60717,64565,75173,72593,76170,77755,71622,71561,68643,65815,56585,56318,50207,46531
201406,우1동,87429,97336,109377,110804,99129,63871,45440,43263,48695,55775,54289,53043,56778,53731,56162,58529,55355,57057,56112,59439,58526,67105,71174,78024
201406,부전1동,28825,31602,36301,41302,44582,39429,27469,19735,20985,27057,28783,30888,34785,33795,34645,35290,32492,32941,32606,31947,27564,28109,26731,27091
201406,남포동,26551,29183,31163,31148,29886,24570,18631,14462,14232,17173,18123,20434,25090,24806,25988,26658,25075,25997,25995,27168,25001,25643,24035,23971
201406,부전2동,111998,135344,156577,160966,145031,79885,41337,28149,30927,42530,48534,54615,65179,63829,65695,67736,64017,67771,71326,76875,72168,79520,83914,92726
201406,괘법동,49337,51457,52855,52402,48060,42154,37514,33141,37437,43023,42369,42757,47619,44592,45531,46552,43927,46720,48287,48127,44697,47724,45804,47245
201407,우1동,93117,103551,115175,116718,107459,68674,47744,44467,48184,52817,55536,53058,56577,53688,56279,57242,53072,55390,55228,60307,60858,69878,77320,81932
201407,부전2동,106734,124790,143986,148469,134991,76875,40356,29305,31356,40627,48779,53520,63595,61602,64459,65473,61069,64971,69481,76177,70596,79125,87434,91768
201407,괘법동,53082,54967,56436,55360,50704,46155,39154,35934,38681,43337,45470,44910,49579,46708,47360,47514,43818,47367,49778,50696,47209,50395,50856,50410
201407,부전1동,26628,27693,31726,35952,39842,37167,27315,21464,22497,26094,28533,29797,33302,31825,32841,32940,30257,31852,33776,32305,26885,28021,28840,28063
201407,남포동,25402,27627,29213,28380,27763,23473,18450,15431,14610,16921,18904,20894,25385,24726,26049,26407,24208,25335,25673,27383,24999,25550,24743,23248
201407,우2동,43644,38611,36407,33182,31837,30256,30194,34900,42242,51904,59154,60449,69137,67401,70397,70679,64579,66075,66021,64895,56369,55870,52664,46386
201408,우1동,101991,115103,130413,133856,124168,79224,48944,42947,48508,55906,59944,58858,57653,58832,60054,56021,58168,53881,60825,59717,64341,72944,79735,88341
201408,부전1동,29728,32366,37694,44043,49077,42742,28834,21673,22868,26858,30088,32277,33495,35156,35775,33032,33722,30811,35448,30705,27755,28493,28686,29778
201408,부전2동,119531,144469,166967,175278,163362,94881,44617,31258,34211,43289,52708,59884,66435,71098,73022,68648,71429,67345,80792,78588,78774,85962,92747,103544
201408,우2동,44571,41031,38316,34498,33563,31604,29265,32074,41455,54877,61747,65064,71206,74384,76711,70736,72616,65863,72707,63761,59461,59711,53343,48054
201408,남포동,27156,29999,32547,32007,31655,27174,20173,16391,16064,18314,20429,23277,26286,28545,30164,27723,28391,26042,29079,27635,26802,26680,25609,24964
201408,괘법동,57947,62100,64709,63859,60509,52441,42285,37397,40236,44436,47083,47927,48928,49945,50126,45885,47572,45273,53520,49588,49777,52779,52011,54422
201409,부전2동,121236,148294,173364,182968,168149,100292,43591,29495,31626,42460,51987,59057,64581,69622,65271,67928,64739,70277,76752,80968,85326,86839,94592,103931
201409,부전1동,30417,34066,40650,49111,54912,48648,29646,21362,22112,27416,30911,33366,34653,36488,33855,34541,32199,33373,34470,31871,30433,29083,29839,30195
201409,우1동,87501,98767,111226,115851,106442,69556,44675,43597,47199,52562,54774,52585,51084,53494,50566,52513,50041,52582,53191,56088,63233,66381,73005,78761
201409,괘법동,59158,64558,67427,67109,63426,55215,41939,36355,39075,44828,47579,48166,50098,51207,47600,48180,45786,48652,51495,50904,53852,52778,54205,55276
201409,남포동,29892,33529,36996,37515,36098,31223,20477,14726,13767,16608,19185,21852,24412,26509,25499,26239,24806,26266,26739,27524,28708,26957,26889,26850
201409,우2동,41323,37172,34824,32614,34117,30620,30522,34684,41691,53942,62415,65279,68003,72708,69303,70642,65913,67241,66471,61843,59728,54526,50367,45736
201410,부전2동,116642,141975,167312,177930,158521,94032,43998,28732,30820,39741,47310,58504,63863,68710,62862,64962,61805,67021,71286,74926,80015,82908,92897,102627
201410,우2동,39935,35479,33191,30702,31398,31339,29607,35550,41684,52447,57874,64837,67565,71520,65801,67557,63399,64726,63412,59060,57541,53040,50918,45275
201410,우1동,96668,110255,127708,130634,116259,74147,46177,45423,48849,52627,52824,55134,53512,56023,51492,53627,51580,54866,53730,56599,64916,68552,77302,85137
201410,괘법동,56933,60960,64543,62938,58837,50228,39306,33945,36480,40482,41882,46078,47663,48619,44234,45078,42823,46482,48161,47115,50836,50753,52006,53966
201410,남포동,27264,30274,33004,33715,32363,28218,19069,14110,13213,15355,17244,21379,24190,26337,24723,25546,23921,25247,24947,24945,26311,25167,24997,24852
201410,부전1동,30338,33779,40092,47848,52289,46528,29867,20337,20922,25169,27901,32735,33676,35851,32688,33308,31027,32345,32640,29593,28854,28279,29317,30237
201411,부전2동,123833,152249,178681,181962,163346,97134,49351,29665,32541,39784,47481,58148,63836,68615,69995,66310,63611,63992,74333,78768,83205,84944,96382,105566
201411,우2동,35889,31912,30459,26985,26780,26378,27632,30581,40188,47984,55545,62817,65769,69712,73452,67773,62887,58886,59715,55188,52901,47693,43730,39802
201411,우1동,93931,107847,123238,121473,108159,69008,48070,45841,52423,52999,53596,54752,52235,54183,56308,53720,51561,50026,52928,55513,62831,65877,75073,81895
201411,부전1동,31770,35690,41587,48019,52219,46602,32638,20903,22405,25327,28328,33332,34520,36685,37356,34822,32565,31203,33929,30992,29786,28827,30492,31373
201411,괘법동,54538,58532,60710,57799,52911,47541,41313,34119,37817,38332,40169,43630,45291,46207,47074,43874,41912,41770,46548,46046,48512,48103,49685,50862
201411,남포동,27868,31722,33828,33233,32699,28315,19954,14065,13544,14369,16378,20070,22633,24748,26182,24555,23308,22511,24080,24370,25254,24108,24879,24647
201412,남포동,30150,33736,34935,34705,34468,30040,20986,14413,13520,15752,16981,21041,23827,24639,26127,27232,25921,25034,27468,27492,28887,27483,27078,26703
201412,부전2동,129117,158029,182724,185197,167647,103759,50472,29936,32163,42125,48771,60593,66124,68077,69472,72709,69872,69099,81637,84266,87354,88970,98962,108985
201412,우1동,92219,104693,117564,121815,109055,70142,49127,45949,52193,56648,54852,56951,54046,54182,55510,57370,55046,53208,56897,57919,64748,68622,76793,83862
201412,괘법동,55790,58929,60439,58334,52713,49209,41413,34397,36842,40143,40034,44331,45437,44911,45624,46483,44265,43520,49570,47654,50507,50693,51246,52886
201412,부전1동,32952,36349,42666,48434,54152,49371,31030,20407,21502,26471,28866,34221,35111,35488,36178,37131,34667,32730,36224,32502,31027,30107,31042,31768
201412,우2동,39226,34680,32273,29269,28293,27952,28971,32544,41089,50132,53626,61486,64239,66001,69538,71028,67093,62720,67663,63833,60934,54556,50746,45925
201501,부전1동,32929,36388,41888,48197,52866,50043,35481,23754,23746,26699,29720,35221,37139,39949,40791,37457,38235,35187,38628,36691,31771,31878,32824,33543
201501,부전2동,128053,156077,182436,191248,175311,113264,58998,34874,35269,40949,48593,59990,67261,73521,75018,70243,73194,70489,83271,89952,85300,91426,103044,112423
201501,우2동,39344,36280,31696,27446,29710,27555,29718,31424,40151,47713,53032,61065,64808,69991,71557,65403,66657,60622,63864,61910,54729,50635,45540,41341
201501,괘법동,52808,55661,57571,55991,52948,48404,41656,35836,38257,38960,39875,43815,45249,46957,47379,43953,45213,43495,49745,49461,46779,48829,48735,50359
201501,남포동,28239,31435,33777,33448,33517,30286,23385,16716,15143,15809,17296,21549,24820,27576,29435,27521,28098,25758,27495,28693,26615,26338,26214,25530
201501,우1동,93391,103473,117038,117705,107683,72278,54016,50686,53716,55792,56121,58386,56265,57248,58027,54005,55800,52945,56426,61010,62687,69299,76349,83271
201502,남포동,28172,31190,34098,34177,32880,29321,21088,14679,13656,15334,16764,19225,23935,24960,27117,25768,26894,24739,26738,27443,26331,25309,25385,25180
201502,부전1동,32149,36365,42460,47263,54153,50697,33550,21970,22360,26909,29595,31946,36092,36401,37471,34998,36036,33194,36535,34806,31352,30206,31101,31853
201502,우2동,36753,32890,30974,27665,27578,26199,27993,30200,38972,47922,52536,54872,62712,62271,65209,61275,62924,57310,61023,58842,53789,49291,43515,40878
201502,괘법동,49804,54478,57939,56438,54681,48398,41872,33370,35151,37826,37591,37288,41040,39329,39629,37097,38331,37009,41922,42128,42074,42551,43270,46206
201502,부전2동,131687,160776,188636,196009,181938,116027,56097,32617,33799,41939,48932,55605,66464,68393,71216,67819,71815,69883,82298,88349,87396,90348,102271,113208
201502,우1동,87982,99043,110594,110483,102041,68801,49016,44954,51672,56790,56366,53931,55665,52928,54306,51705,53349,50919,55014,58232,62166,65927,72079,78920
201503,남포동,26156,30057,32772,32264,31900,26921,18501,12650,12370,14409,15604,17853,21851,21763,22915,23472,21944,22787,22954,23181,23742,22678,22761,23405
201503,괘법동,53231,57500,59647,57808,54844,47619,37727,31523,36041,39649,38305,38335,43190,39634,40377,40956,38633,40728,42759,41506,43750,43377,44629,48743
201503,부전2동,124356,154838,182388,186283,170176,102403,46925,29172,32866,41778,47777,54184,64921,63847,65003,66953,64192,69406,76099,79304,82802,84007,95954,106227
201503,우1동,92057,106031,122454,123564,110014,70161,48552,47063,51540,55059,52780,50476,53457,50929,52355,54107,51467,53302,53132,54790,61340,64115,71803,80554
201503,부전1동,33466,37640,44158,50002,54171,48819,30254,20455,22120,27465,29418,31974,36507,35662,36567,37155,34474,35421,36457,33568,31718,30286,31854,32910
201503,우2동,38039,33440,30926,28295,27198,26798,28673,33753,40279,48970,52750,54945,62301,60343,63124,64616,59836,60117,58726,54951,52897,47433,43930,41261
201504,우1동,93531,105691,121116,122265,107288,65868,48404,47509,52960,55340,52987,54881,52305,50238,51829,53337,50551,52231,51599,54378,61044,64066,71605,80767
201504,괘법동,52461,55775,57758,56448,52657,44896,37162,31965,36103,38798,37767,41292,41832,38983,40001,39945,37440,39473,41009,41130,43429,43004,44383,47340
201504,남포동,24270,27282,30068,29649,29207,24770,17405,12775,12509,14325,15539,19566,21541,21398,22253,22558,20868,21233,21207,21698,22360,21127,21129,21378
201504,부전2동,118521,144223,168511,177547,156464,89059,41985,28854,32662,41274,46938,58166,62410,61626,62994,64708,61154,65090,70925,74821,78458,79850,91484,102174
201504,부전1동,32959,36493,42688,50009,53428,46347,29651,20604,22608,27755,29391,34872,35916,34964,35769,36314,33320,34069,34830,32509,30955,29360,30898,32142
201504,우2동,38431,33977,30451,27522,27477,27022,28183,32146,40106,48098,51465,58102,59541,58156,60755,61598,56988,57583,56258,53329,51904,46888,43460,41155
201505,남포동,24042,27360,29472,29068,27974,21468,15732,12266,12054,13532,15551,17941,22278,22150,23397,23998,22367,23140,22932,24243,23666,22175,21761,22068
201505,우1동,92258,104115,118406,121204,109616,63672,47199,47432,52883,54537,56389,54118,57859,54085,55703,57430,54311,56711,55948,60749,65354,68896,76143,85219
201505,부전1동,32213,36374,43133,50373,54183,43517,28993,20835,22099,25811,29277,31704,36661,35402,35771,36533,33965,34911,35556,34179,31297,29911,30856,32698
201505,우2동,38969,34720,32687,31054,29663,27372,28784,33067,42481,49363,55557,58160,67382,64533,66436,66943,61620,61583,59486,57874,53304,48960,44807,43509
201505,괘법동,51245,55374,57339,55779,52111,43324,36010,31802,34722,36010,37253,36959,41631,37968,38316,38845,36567,39110,40818,42513,43161,42669,43700,48326
201505,부전2동,124183,153716,181997,193236,175411,89011,42265,28761,31859,38886,47409,53925,65557,64434,65995,67650,64585,69325,74508,79844,79996,82236,93685,108636
201506,우2동,37185,32637,29732,27098,26322,24699,26319,31339,38250,46860,50771,51951,56613,55973,58842,54299,56781,51112,54947,51658,47953,45317,41948,41074
201506,괘법동,48754,52736,54676,53587,49421,41779,34363,29783,33153,36978,36670,36421,39619,37120,37900,34971,36848,35225,40392,39300,39531,41362,41693,45879
201506,남포동,22921,25757,27185,26453,27042,21355,16780,12381,11990,13930,15132,16738,19592,19324,20433,19083,19878,18527,20433,20586,20217,20146,19995,20820
201506,부전1동,30381,34513,39632,47147,50182,40491,26619,18551,20331,25586,28013,29921,33009,32271,33091,30513,31207,28584,31787,29122,26543,26438,27213,29220
201506,부전2동,111526,137359,159257,165403,144574,72686,37258,24969,28741,37542,44087,48908,55868,55859,57409,53581,56471,54213,64391,67107,67373,73205,83368,96148
201506,우1동,91619,103284,114295,116001,101765,58661,44296,44294,50160,54571,53946,51616,53350,52273,54480,51410,54615,50109,54597,57102,60882,67256,73272,83294
201507,남포동,22970,25434,26147,25966,26049,21826,17337,13309,12721,14615,15965,18486,20713,22474,23692,21750,22229,20183,22712,23085,22235,21941,21098,21302
201507,부전1동,29485,32851,37395,43275,47119,39353,27154,19627,20624,25645,28025,30973,31672,33875,34566,31599,32220,28828,32652,30442,27456,27346,27443,28601
201507,우2동,40290,34893,31500,28151,27596,26113,30171,35142,41714,52167,57177,61341,63196,68320,70922,65097,66925,59783,66157,62521,56791,54587,49526,46582
201507,괘법동,46740,49190,50464,48763,46048,39893,35046,31455,34140,38111,38081,38884,38346,39559,40172,36745,37906,35527,41802,40860,40324,41421,40983,43905
201507,부전2동,109570,130553,148626,153707,137525,74380,39014,26888,29536,38437,45646,52698,56857,61897,63000,58791,60934,56793,68620,71439,70622,76050,84691,95078
201507,우1동,97619,108670,119879,118963,106912,65301,46797,45289,50019,56426,57496,57337,54788,57536,59618,55468,57699,53146,59676,63034,66503,74197,80525,89829
201508,남포동,24708,26982,28669,29160,28937,24206,18340,14367,13464,14648,15660,17847,21873,23655,25026,23472,24273,22708,22570,23300,23777,22818,22525,22277
201508,우2동,45068,40275,36749,33801,33552,29641,30850,35310,44378,55248,58580,61656,72030,74998,76541,71147,73275,66903,64818,60748,58944,57281,52118,48466
201508,부전1동,30911,34068,40505,48374,52017,43423,28346,20671,21309,24981,26373,28050,31469,33012,33291,31201,32016,29469,29587,27505,26659,26289,27613,28450
201508,부전2동,120032,145788,171845,181281,166192,90264,41950,28321,30398,37796,43717,48861,58145,62293,63335,60406,63168,60118,64084,67066,71434,76215,87409,98788
201508,우1동,118238,133123,154380,156614,143400,84704,52106,48614,54608,61214,61581,60247,63692,64642,65586,62307,65540,61800,62137,66183,75111,83026,93250,103106
201508,괘법동,50010,53876,56446,55578,52646,44440,36264,32871,36088,38717,37864,37227,40574,41286,41167,38395,39811,37933,39416,38911,40469,41545,41998,44894
201509,부전2동,115078,144616,173612,183136,160787,90878,39434,24789,26820,35098,43925,49720,53233,57360,54213,56185,54130,58256,62889,68633,70426,75936,87262,95235
201509,우2동,41182,36773,33795,31834,32149,30087,31819,33828,40843,50938,59391,62025,63579,68682,65879,66759,63125,63462,61345,58617,55109,52426,49401,44761
201509,우1동,89654,103788,118244,117423,103602,64687,45997,43899,47898,52246,55519,53196,51428,54028,51523,53531,51639,54033,53861,57801,62827,67670,73724,79209
201509,부전1동,32298,37577,45606,54517,58078,48326,29652,19613,20245,24804,28516,30880,31625,33344,31513,32259,30073,30736,30646,29450,27742,27934,29641,29983
201509,남포동,23918,27378,29976,30316,30544,27346,19063,13138,12237,14061,16500,18673,20587,22544,21934,22425,20957,21568,21530,22406,22052,21448,21495,21199
201509,괘법동,49077,52863,56305,57199,53523,45950,36824,29964,32551,36873,39376,39552,39698,40873,38564,39316,37186,38979,40394,40350,41036,41622,42945,44457
201510,부전1동,34040,38149,45642,54304,57398,50177,31396,18994,19998,24863,26968,31123,31695,33689,34362,32008,29801,30703,30976,29556,27499,28060,29705,31927
201510,우1동,104825,117087,133667,135774,118570,70685,47481,44518,49907,55645,55404,57057,54742,57470,59325,56671,54557,57830,58282,63915,67564,74273,81646,92326
201510,괘법동,52066,54611,57764,55994,52357,45562,36072,29658,32478,36867,37606,40225,39921,41123,41742,38987,36966,40014,41442,41805,41282,43030,43969,48203
201510,부전2동,122143,146166,176436,187066,165687,93497,42815,25150,27710,36567,43557,53068,57220,61675,63438,59853,57230,62056,67383,72592,72621,78492,89992,104252
201510,우2동,44106,38551,36409,33692,33337,30515,31659,35708,42605,54077,58926,65423,67071,72087,75138,70566,65935,67213,65040,62677,56511,54628,51411,48262
201510,남포동,23986,26157,28314,28668,29714,25792,17607,12329,11858,13944,15454,18835,21182,23335,24819,23273,21790,22540,22648,23237,22331,21814,21526,22023
201511,부전1동,35153,39159,46207,53975,56854,48735,31540,20088,20114,25497,28081,30462,31317,33411,34157,32289,30223,30663,32078,30129,28506,28213,30944,32030
201511,괘법동,52307,54974,58043,55855,51900,44279,37477,31225,32425,37463,37647,37996,38194,39357,40428,37805,36325,38581,41836,41237,41940,42241,44036,46731
201511,우1동,99397,109205,123764,123327,109767,68144,48849,46087,50334,56854,56974,55188,53465,56220,58160,55665,53721,55645,57426,60286,65089,68917,76716,84189
201511,남포동,23720,26078,28062,28321,29184,24954,18140,13218,11807,14000,15443,17639,19966,22044,23371,21975,20608,21071,21784,21936,21552,20689,20892,20738
201511,부전2동,123787,150201,177691,183770,159596,91138,45546,27466,28482,37854,45179,51948,56965,61928,63426,60792,58948,63163,72547,75670,75800,78158,91159,100001
201511,우2동,44016,38655,36715,33402,33427,30149,32791,36168,42287,54433,59850,62980,65451,70779,73922,69588,65746,66615,67040,62408,57718,54045,51298,46824
201512,우1동,88103,99817,115218,120601,108503,66735,45820,40219,46070,51636,54345,53437,51477,50014,51587,53682,51620,48669,50085,56434,59791,63451,70728,77693
201512,부전1동,29225,32592,39133,46633,49851,41558,26448,16045,16284,20265,22947,25703,26971,26613,27249,27787,25949,23863,25270,26000,24131,24294,26611,27327
201512,부전2동,105925,132208,157566,168378,149498,84967,39097,21459,22498,29243,35897,42766,48055,48438,50062,52189,50516,49406,57302,65870,64627,68518,80362,89664
201512,남포동,25581,27839,29428,30487,32368,28530,20753,13861,12242,13945,15592,18362,20899,21595,23177,23962,22766,21461,22666,25133,24632,23722,23717,23264
201512,우2동,43110,38703,37596,34578,33845,30758,33580,33553,40503,51114,58033,62262,65107,64658,68044,69732,66083,60992,62582,64229,57696,54030,51407,46806
201512,괘법동,51556,55176,58110,58033,52954,45981,37295,29918,31337,35513,37139,38181,38383,36613,37517,38291,36551,35717,38855,41288,41066,41898,43553,46877
201601,남포동,23952,27416,29149,29972,31433,28606,21979,15674,14048,14816,17229,19186,22250,24920,26608,25276,25351,23511,24097,24877,24196,23391,23036,22682
201601,부전1동,28727,32450,37981,44762,47104,40862,27885,17882,17777,20554,24140,25987,27726,29714,30465,28823,28948,26666,27826,27086,25464,26036,28000,28873
201601,우1동,87511,99840,110978,114342,102663,64563,51373,47356,48446,52667,57538,54451,53720,54068,54881,52330,54051,51587,53351,57797,62423,67797,74526,81976
201601,우2동,43699,41817,43728,34600,33972,30828,38391,39915,45923,55495,65069,66700,70618,75054,77784,72780,73720,67817,68272,65418,60068,56189,51821,48336
201601,괘법동,49969,54067,57979,56882,53491,47168,39118,33369,35462,37417,40032,39147,39789,41043,40917,39002,39944,39059,42795,43118,43047,44371,45400,48437
201601,부전2동,109747,139456,167682,181912,168428,98062,47026,25227,25157,30306,38735,44048,50427,55737,57194,55342,57357,56284,64145,69819,70134,75553,87850,97397
201602,우1동,86162,96628,109525,111988,100827,63431,47504,41206,46870,51145,53720,54312,53488,54740,52298,54001,52099,50185,53076,57132,60827,64711,72048,80262
201602,괘법동,51742,55763,59405,59686,55770,49482,41326,33102,34717,37806,38692,40548,41435,42863,40456,41324,39719,38401,43169,43535,43292,44142,45023,48760
201602,우2동,43366,39768,37589,35156,34143,30325,35546,39000,45380,54873,62129,67439,71146,75601,73693,74529,70727,64981,67558,65678,59861,55747,52158,48271
201602,부전2동,121290,153270,182236,199125,178631,102095,48371,25073,24893,31004,37878,46489,54534,60375,58343,61423,59936,58487,67783,74095,73990,78450,92395,105392
201602,남포동,24524,27819,29937,30194,31637,28793,20656,14013,12962,14332,16108,19287,22406,25160,25313,26273,24936,23181,24571,25303,24232,23161,23085,23145
201602,부전1동,31060,35173,40773,48978,52045,45028,29892,18348,18051,21429,23842,27288,29280,31396,30336,30924,29151,26701,28574,28072,26275,26268,28491,30193
201603,남포동,23460,27599,29933,30912,32042,27178,19415,13827,13379,16004,18089,20561,23202,24401,25112,24187,23278,22591,22918,23134,22832,22043,22479,22693
201603,부전2동,109990,142711,172902,185198,163439,90317,40874,23210,25693,33559,40451,47080,53437,56223,56294,55184,55319,56986,63951,69777,70934,74033,87647,96338
201603,괘법동,51982,57156,60148,58860,54228,47475,37557,30633,35090,40482,41081,41280,42662,42111,41972,40224,39798,40099,42950,43076,43479,43918,46138,49572
201603,우2동,43634,39844,38490,35309,35196,29949,31306,35563,43557,56095,64520,68643,72656,77015,78932,76243,73747,69911,69680,66428,62309,57084,53339,48026
201603,우1동,84430,97467,111962,115852,101849,62667,44261,43429,47138,51897,53466,52170,51034,52018,52572,52227,51975,50928,51151,54681,58959,63057,69741,77795
201603,부전1동,31559,36123,42940,51014,53273,45570,28328,17849,18975,23835,26618,29265,31228,32154,32287,31109,30106,28966,29967,29032,27736,27291,29776,31113
201604,우1동,81769,94060,104760,106902,98528,59472,44688,43075,47997,52693,54006,52688,51543,52389,52848,52240,51987,51217,51227,54809,59094,63688,70953,77244
201604,괘법동,51422,55521,58057,57218,53800,46576,37839,31707,35029,40229,41140,41521,43341,42789,42898,40941,40393,40450,42936,43210,43947,44696,45962,49605
201604,부전1동,29847,34581,40839,48546,51202,43903,27407,17512,18572,23244,25715,28454,30268,31139,31074,30213,29226,28020,28656,27628,26361,26242,28509,29703
201604,남포동,24289,27222,29197,30468,30119,25776,19050,14399,14108,16860,19120,21793,24379,25849,26516,25618,24724,23580,23907,23936,23436,23119,23051,23316
201604,부전2동,110893,142854,173397,185132,168125,86824,38449,23016,25230,33271,39867,46456,52210,55014,55102,54245,53585,54254,60408,65464,68057,72623,86681,97729
201604,우2동,42501,39506,37008,34551,34107,29086,29677,33874,43347,55495,62446,66371,70680,74089,75372,72697,69531,66383,66466,63448,59509,55846,51707,47191
201605,남포동,23845,27253,28827,28041,29083,24032,18630,13837,14120,16816,19102,21858,24550,25967,26753,26057,25081,24010,24319,24399,23858,23383,23135,23268
201605,우1동,85412,96324,108121,112056,98524,59197,45462,43798,49113,54642,56056,55220,54325,54887,55630,54958,54637,53632,53886,57446,62222,67867,74920,81575
201605,우2동,43074,39659,36875,34437,32801,28406,29723,33835,42845,55889,63653,68561,73667,77581,79097,75647,72452,68386,68285,65185,60904,57134,54025,48774
201605,부전1동,30264,35172,40631,49210,51193,40911,26935,17464,18927,23440,26127,28845,30569,31798,31498,30581,29549,28311,28947,27744,26236,26198,28454,30264
201605,괘법동,51089,55345,57969,56432,53602,46074,37858,32078,35437,41082,42250,43011,44389,44088,44094,42570,41866,42242,45032,44606,44720,45552,47507,50671
201605,부전2동,110899,145367,174823,191878,171861,80830,35562,21351,23825,31542,38003,44417,50237,53274,53262,52650,52208,53492,59378,63210,64692,69901,83566,96058
201606,우2동,45649,40614,38626,35680,32623,28753,29512,33533,43075,56868,65452,70935,77167,80991,82944,79881,76017,71871,71772,67136,61935,57942,54842,50235
201606,우1동,96358,110159,124659,127752,112030,63377,47427,45968,52594,58193,59905,58876,58103,59093,59779,58962,58629,57883,58184,61661,67048,73484,81081,91269
201606,부전1동,30117,34644,40558,47123,50118,42016,27485,17828,19035,23543,26289,28897,30942,31873,31515,30475,29309,28388,29179,28081,26492,26255,28383,30308
201606,부전2동,104719,136496,163244,175109,156346,76106,36499,22214,24313,32060,38888,45031,51080,53570,53479,52795,52140,53022,58723,62842,64187,68798,81528,94182
201606,남포동,22734,25553,26230,27362,27909,23695,18789,13868,13761,16491,18640,21014,23667,24429,24870,24186,23208,22530,22771,23103,22799,22285,22181,22494
201606,괘법동,51869,56342,57563,58116,54176,46311,37445,31736,34620,40547,41133,41820,43242,42673,42201,40686,39896,40899,43833,43683,44452,45424,46680,50666
201607,남포동,24253,26358,28100,28776,29660,26155,20243,16992,16707,18410,19978,22369,25076,25498,26265,25274,24194,22970,24201,23762,23900,23115,23110,23353
201607,우2동,51426,48478,46361,43113,40440,33630,29840,33975,41755,51014,55633,59711,65580,66476,68612,65876,63202,58680,61504,57545,56265,54721,54740,52751
201607,부전1동,35267,39558,47142,53218,55617,45817,28348,21404,22355,25806,27999,31180,33826,34264,34412,33205,32034,30536,33020,30956,29932,29528,32328,34418
201607,괘법동,52243,56099,60316,63079,60045,52919,41737,37533,40894,44486,44920,45946,48041,47057,47436,45393,44211,43513,47623,45908,46447,46205,47003,49726
201607,부전2동,109272,134947,162272,171364,156431,84388,40468,30004,31985,38649,44384,51342,58555,60391,61230,59657,58724,57314,64778,66173,67946,71317,83147,94044
201607,우1동,94847,107750,122967,126079,113999,67065,44384,43236,47665,51906,53339,54013,55268,54873,56144,55079,54126,51526,54434,56841,62344,67178,76164,85438
201608,부전1동,37829,43051,50446,56974,59487,49919,30406,24062,25064,28237,30726,33773,34329,36051,35959,34976,34436,32942,33072,33234,31114,31467,34799,36388
201608,부전2동,112432,139533,166488,177577,159953,93283,45832,35350,37868,44614,50869,58275,61687,65788,66313,65130,64980,63391,66726,71592,70697,75130,88291,98094
201608,우1동,94690,107322,120350,121610,112249,68011,43346,42401,46362,52630,55316,56654,54339,55442,56400,55225,54370,52726,52149,57625,61156,67899,77647,85629
201608,괘법동,51388,55364,60771,59460,59427,53513,43893,40733,44462,46607,47481,48317,47928,48967,48929,46933,46378,45581,46264,46954,45727,46345,47758,49864
201608,남포동,24785,26777,28076,28419,29723,27569,22003,18875,18865,20204,21886,24168,25147,26602,27207,26409,25744,24748,24264,25044,24242,23951,24355,23743
201608,우2동,54500,52280,52490,50324,47431,36289,31256,35001,43283,54783,59259,64161,66393,69492,70832,68574,66582,63131,61757,61213,57879,59098,58968,55140
201609,부전2동,114529,140147,169033,181758,166703,99768,50317,36906,41042,47806,52718,57601,60795,65417,61375,64191,62779,66467,70287,72580,75275,76276,89179,99456
201609,우1동,71561,79196,90074,90500,81211,53913,39632,39220,44157,47105,47486,46437,45272,47737,45349,47444,46010,47460,46730,48754,52409,54949,59933,65444
201609,괘법동,53749,56207,61104,59990,62224,56499,46903,40224,45211,49531,49127,49199,49670,51143,48011,48716,46913,49178,49785,47753,48183,47210,48524,50085
201609,남포동,25956,28162,29682,29712,30783,28758,23048,18785,19420,21162,22330,23761,24726,26419,25016,25771,24554,25289,24978,24200,24074,23463,24280,24548
201609,부전1동,42043,47369,56210,63679,65551,53225,33335,25348,27675,31234,33131,35496,36596,38843,36344,37637,36195,37117,37457,36016,35434,34766,38344,40263
201609,우2동,49857,47279,47092,45475,43433,35415,32359,35509,43458,51895,55235,56611,58202,62492,60024,61689,58720,59521,58175,55365,54320,53388,52460,50192
201610,부전2동,113480,137938,165726,177693,160471,97954,52183,36229,39327,46762,49674,58521,63054,61599,62722,65134,63273,60504,69299,72352,72987,73585,84639,95987
201610,괘법동,54523,57229,60077,60980,60493,55953,47912,40603,44273,48755,47018,50502,51283,48109,48924,49975,47995,46139,50773,50038,49238,47273,48009,50889
201610,우2동,52233,50183,49515,48021,45260,37788,35812,35288,42184,51627,53168,58849,61228,59773,62270,63912,60336,55306,59189,58061,55314,53275,54402,52407
201610,부전1동,43651,48750,57190,63703,64401,53959,35043,24912,26718,30976,31662,36561,38305,37184,37809,38915,37313,34649,37783,37033,35884,35044,38107,40881
201610,우1동,72392,80897,89626,91560,82099,53963,39572,37303,41263,46047,45141,48009,47675,45490,46855,48786,47083,43962,47165,50216,52260,54154,59971,65985
201610,남포동,26293,28405,29974,29964,30687,28591,22750,18407,18587,20857,21322,24461,25969,25526,26306,26994,25790,23963,25656,25458,24994,23649,23906,24725
201611,부전2동,110362,132730,154763,163138,142986,86592,50210,37227,40452,46703,51301,55812,58665,63652,64920,62169,61911,59260,67104,70616,75213,78723,87941,95564
201611,우2동,51909,50010,49204,47447,44692,36037,32933,35963,44000,51789,55035,56641,57523,62124,65452,61794,59379,54220,55839,53809,54061,52826,52473,50904
201611,남포동,26204,28477,29119,29951,30863,28134,22255,18788,18837,20750,21748,23324,24323,26268,27124,25581,24807,22904,23655,23208,24275,24213,24427,24320
201611,부전1동,44932,49981,57072,63299,63958,52075,34353,25717,27880,31561,33376,35564,36615,39303,40228,38112,37275,34372,36846,36152,37193,38137,40857,42367
201611,괘법동,53710,56674,59572,62217,60653,56412,49486,42989,45994,49822,48831,48334,48750,50420,51438,48437,47493,45280,48241,47221,49165,49279,49083,50301
201611,우1동,74927,84222,92070,94473,83697,52262,39521,39222,43740,47183,47636,47074,45986,48659,50705,48748,47419,43843,45029,47295,52294,55431,60400,66329
201612,우1동,92405,103539,118483,120912,109483,69109,49937,44317,50630,54669,55067,55211,53424,56060,53731,55537,54456,52578,52817,57460,64781,66661,76288,83855
201612,부전2동,144746,182932,222610,236118,210588,120215,54489,31264,33170,41423,48041,56829,63264,69701,67186,69859,69777,69797,79145,85876,90666,92496,111040,127910
201612,우2동,48348,43991,42512,39509,38116,33222,32923,33178,43412,55709,62159,68891,72946,80553,78659,80245,76449,71915,72711,70352,67512,63395,58418,51206
201612,괘법동,53425,57560,59885,62131,55996,48024,36420,28717,30390,34225,34276,35539,36963,38052,35732,36132,35465,35419,38282,40121,41858,42414,45063,48869
201612,부전1동,35617,41139,48441,57136,58097,52732,31304,19110,19642,24105,26514,30134,31791,34073,32648,33006,31555,29313,30211,29086,29344,28541,31910,34100
201612,남포동,30515,33507,34423,34855,36172,32628,24218,16997,16383,19306,21475,25355,28604,31911,31428,32110,31004,29482,30238,31178,32474,30470,30632,29580
201701,우1동,42475,42657,42559,42385,42286,42295,41091,39890,38821,37360,35703,34304,33217,32689,32821,33071,33770,34604,35836,37234,39165,40357,41188,41520
201701,부전2동,79457,76803,74991,73669,72421,71365,73067,74302,78901,84116,87619,90844,94065,96943,99043,99758,99795,99914,100764,100518,98019,93610,87851,84051
201701,우2동,56167,55669,55459,55478,55904,56626,58189,58143,61805,64840,66608,68274,69194,70876,71984,71695,70612,69427,66865,64137,62410,60370,58335,57741
201701,부전1동,81406,80031,79413,79188,78957,78729,80561,81292,84692,89045,92050,94923,97413,99744,101149,101212,100401,99033,97998,95910,92453,89347,86595,85074
201701,괘법동,42784,41845,41509,41299,41277,41427,42751,45401,49719,52104,53771,55349,56650,57181,57387,57534,57555,57498,55719,53494,52020,49537,47073,45489
201701,남포동,24391,23591,23117,22899,22889,23006,24014,25635,28937,31162,33009,34988,37562,39599,40620,40606,39982,39260,37851,35797,33425,30265,27340,25789
201702,괘법동,31740,36172,35632,35393,35239,35226,35028,36042,39038,41402,42864,44710,46184,46439,44913,44878,44704,45364,45820,46496,45407,42917,40494,38386
201702,남포동,15005,16842,16407,16173,16138,16353,17020,18472,20879,22927,24890,27497,30547,32989,32763,32808,32248,31675,30899,30051,27302,23896,20794,18787
201702,우2동,45311,52255,52044,52084,52098,52524,54086,55221,61273,67716,72080,76354,79707,82441,81018,80540,78935,76620,72287,69473,63711,59009,55626,54255
201702,부전2동,87813,98359,95000,92678,90364,88685,89291,91316,99020,110803,119272,128217,136469,142098,140790,142345,142532,143151,146296,148747,140384,129976,117863,109268
201702,부전1동,29641,33956,33725,33724,33859,34311,34864,35834,38940,42437,44842,47399,49724,51117,50290,50024,49311,47656,46804,45788,42654,39632,37319,35853
201702,우1동,44788,52079,51919,51771,51654,51409,50509,49129,47905,46853,45674,44486,43612,42848,41619,42033,42960,43943,45350,48619,50208,51305,51671,51631
201703,부전1동,28613,32998,32827,32873,32994,33449,34118,34978,37881,41025,43091,45276,46917,47994,48838,48747,48151,46826,46053,43412,40587,37954,35957,34720
201703,우2동,48102,55740,55581,55651,55733,56132,58321,60114,65671,71609,75405,78504,80675,82912,84290,83927,82738,80183,75658,71088,66081,62249,59326,58510
201703,괘법동,31694,36352,35872,35622,35473,35523,35503,36659,40643,43601,45608,47430,48836,49080,49210,48846,48429,48437,48206,46986,45720,43049,40387,38344
201703,부전2동,82323,92609,89810,87802,85843,84489,85576,88234,95689,106361,113408,120285,126059,129845,132650,133992,135643,137471,141847,139142,131633,121524,110288,102513
201703,남포동,15040,16915,16544,16353,16325,16584,17548,19066,21180,22984,24648,26738,28912,30538,31210,31205,30832,30458,29844,28382,26050,23194,20577,18843
201703,우1동,42756,50047,49883,49720,49544,49344,48538,46928,45199,43994,42965,41906,41233,40689,40773,41325,41944,42730,43880,45628,47257,48549,49192,49278
201704,남포동,14368,16384,15988,15792,15765,16041,17020,18504,20506,22184,23739,25898,28360,29855,30265,30138,29722,29406,28908,27499,25316,22396,20042,18285
201704,부전1동,29102,34002,33829,33854,33983,34439,35418,36037,38608,41503,43744,45749,47253,48392,49155,48936,48099,46775,45605,43243,40782,38272,36538,35786
201704,괘법동,26817,30854,30119,29733,29603,29588,29609,30660,33896,36281,38322,40297,42001,42784,42886,42528,41949,41534,41203,40428,39363,36868,34174,32146
201704,부전2동,77101,88169,85523,83306,81284,79841,80913,83568,90798,100537,107736,114257,119775,123280,125305,125926,126323,127278,129933,127583,120890,112210,102696,96476
201704,우1동,42501,50361,50181,50001,49850,49597,48568,46901,45064,43704,42652,41595,40786,40371,40509,41054,41673,42501,43783,45797,47640,49059,49709,49869
201704,우2동,48252,56733,56603,56736,56864,57278,59541,60926,65666,70499,74223,77269,79336,81321,82063,81105,79979,77901,74439,70494,66146,62485,59853,59239
201705,남포동,13548,16601,16161,15945,15917,16361,17356,18851,20935,22851,24777,27253,29501,31765,32593,32631,32230,31764,30872,29149,26497,23185,20541,18550
201705,우1동,42518,53891,53661,53532,53362,53240,52855,51573,50023,48796,47715,46502,44959,45037,45457,46078,46707,47637,48680,50762,52532,53705,54071,54040
201705,우2동,43852,55638,55653,55804,55920,56136,57819,58731,63513,68642,72417,75334,76084,78825,80067,79223,77765,75482,72124,67925,63750,60227,57575,56821
201705,괘법동,18245,22555,22083,21778,21607,21882,22147,22956,25565,27882,29945,31480,32507,33760,34169,33923,33340,32974,33026,32488,31642,29357,26542,24609
201705,부전1동,39629,49899,49609,49419,49331,49320,49713,50734,54701,59825,63588,67336,68942,71508,72985,72800,71945,70325,69036,65392,60913,56936,53628,51750
201705,부전2동,39328,48043,46231,44730,43276,42046,42004,43552,48233,53811,57900,62202,64903,68040,70333,71286,72043,72482,73948,72653,69504,64254,57427,53025
201706,부전1동,51288,50878,50578,50329,50144,50691,50658,51327,55398,59875,62616,67203,69563,71178,71948,71632,70706,69134,68343,65047,60834,56861,54053,52267
201706,남포동,18091,17567,17209,16980,16938,17411,18092,19349,21157,22671,24176,26669,28950,30406,30719,30647,30193,29907,29567,28294,26132,23256,20933,19081
201706,부전2동,52380,50570,48859,47339,45775,45160,44853,46575,51945,57229,60394,65324,68525,70443,71753,72468,72809,73164,74683,73724,70872,65909,59608,55340
201706,우2동,61428,61540,61586,61600,61502,62175,62959,63763,68681,73904,77501,82433,84516,87110,88085,87432,86055,83358,79279,74768,70152,66430,63316,62036
201706,괘법동,32762,32173,31774,31500,31260,31425,30977,31586,33758,35445,36692,38391,39682,40373,40443,40276,40120,40174,40228,39967,39664,37938,35494,33813
201706,우1동,53226,53150,52978,52699,52382,52455,52069,50573,48860,47293,45672,45365,44600,44185,44266,44768,45413,46322,47516,49657,51540,53061,53822,53791
201707,우1동,96445,97500,95620,91578,84789,67271,54854,52801,57535,62154,65621,65301,64837,63389,65987,66701,66263,64506,64152,72566,80223,86552,88051,92989
201707,우2동,94925,93110,89374,88989,85043,79171,77193,82000,100755,105647,104582,103899,104049,102418,104243,100540,98022,92557,92507,94056,94798,98771,95378,95279
201707,부전1동,76219,79443,81731,80662,76537,69729,60141,58185,72369,78215,78830,82092,84863,86404,84380,82682,81840,77129,80198,77512,73704,71325,75268,76254
201707,남포동,25178,25857,26450,26196,28001,29163,29337,27971,30576,32578,35023,38961,41700,42902,43787,42009,40234,38836,38991,37529,35315,31439,29973,26730
201707,부전2동,101416,107893,108244,104584,92482,72844,61249,61241,76404,83876,85205,91161,98665,100846,99012,98316,97471,94862,101600,102106,99321,95218,96907,100792
201707,괘법동,49523,50373,49695,49478,47315,49287,46637,47293,48786,50916,51899,51205,53880,52879,52140,51944,51998,53113,55532,55479,55994,54098,50242,49617
201708,부전2동,97445,105078,107021,100528,87467,70326,56899,58904,74127,78432,79359,85027,92573,95012,93695,93412,92803,91323,98749,98898,96909,95020,95038,98173
201708,우1동,96176,96387,93097,90761,83233,64769,52503,49671,54747,61650,65358,65416,64164,62959,65485,66058,65559,63960,63996,75153,84083,89216,91465,93083
201708,괘법동,51979,53417,51082,54685,51737,53538,50885,53396,54115,55303,57400,57706,61051,58829,57619,56931,56970,58478,61383,61660,62122,59786,55827,52943
201708,우2동,95162,93699,89265,90472,88487,78869,74018,75244,92258,97116,97163,96347,94633,94156,95643,93111,90258,85192,85444,89172,90740,94392,94369,96391
201708,남포동,24552,25400,25718,25734,28241,29964,30171,28236,31094,32935,35385,39432,42683,44606,45498,43484,41490,40479,40598,38613,36051,31651,30220,26260
201708,부전1동,66903,71323,75076,72317,68598,64153,54031,55485,68784,72610,72103,74305,77841,78694,76874,75291,74268,71057,73724,69483,65943,65506,67803,69796
201709,우1동,79099,80105,76958,70915,67547,53992,46635,45929,49060,53133,54542,53499,53136,53009,54073,55315,55377,53841,53408,62126,67420,71618,73100,76108
201709,부전1동,59508,64344,67574,63830,61550,59673,49349,50837,62536,68801,68799,72241,76438,75419,73344,71100,69929,67601,71549,66463,62992,62834,63490,65924
201709,괘법동,52505,53761,52534,50863,50468,54035,49872,50540,52732,55546,58205,58069,62351,59542,58838,57520,57596,58836,61661,62142,62627,59850,55443,53072
201709,남포동,22200,23342,23836,23744,26983,28483,27967,25521,27456,30051,32565,36352,38581,39217,39874,37850,35671,34311,34541,32349,30822,27615,26521,23656
201709,부전2동,88284,94947,96534,90357,80748,66174,54773,53521,66650,73022,74118,79703,87286,86924,84727,84204,84536,84670,93015,94293,93331,91860,90096,93187
201709,우2동,81349,79218,76907,73622,74354,70279,68619,72455,86863,92625,91459,88780,91147,93177,95340,92689,89947,84630,83862,85095,84095,84383,82292,82426
201710,부전1동,62657,68972,70377,69079,64435,62319,51207,49697,60547,65898,65055,69291,73481,73508,71535,69832,68707,66865,70113,67031,64310,64334,63966,66824
201710,우2동,75272,72366,69959,70169,67872,67912,67031,73593,87240,92444,91067,90704,93762,95095,96836,95603,93845,88531,87541,89526,83273,84278,80443,77683
201710,괘법동,57919,58506,57380,56994,55163,58710,54700,55024,56908,58805,61553,62005,66377,64336,63803,62775,62488,63439,65343,67223,67351,64275,60061,57679
201710,부전2동,99635,109321,109332,104892,90736,76687,60724,57797,70496,76172,77543,84165,92844,94046,92889,92294,92493,92689,100546,104326,103512,102037,99434,102741
201710,남포동,23315,23237,23944,24572,25724,27665,26636,25611,28092,30600,32733,37362,40784,42781,44064,41950,40426,38998,38032,36788,34215,30208,28148,24632
201710,우1동,84769,83484,81156,76567,71315,58726,52414,51442,55457,59096,59711,58996,57557,56570,58152,58897,59611,59766,60900,71354,76213,79328,79471,80928
201711,괘법동,61254,62730,62451,61886,59951,61432,56098,55853,59053,60775,64245,64424,70416,66696,65359,64073,63609,64754,68635,70073,70280,67044,62576,60344
201711,부전1동,60861,65773,67140,65764,61416,60755,49986,49508,63509,69799,68734,73731,78670,77579,74989,72385,70218,68196,73557,68197,65010,65081,64439,66137
201711,남포동,20605,21610,21961,22083,23992,25847,24706,23284,25696,27801,29905,34127,36811,37939,38151,36217,33807,32513,32737,30759,29498,26448,25152,21956
201711,부전2동,93118,101126,101375,97017,82894,70596,57513,56314,72725,79637,80955,87445,97122,96963,93735,93112,92307,92656,103916,103973,102613,100815,98287,99561
201711,우1동,82869,83329,81389,77362,71877,55082,47302,46663,50214,54486,55615,54874,54855,53926,55454,55359,55222,53666,53677,62944,67896,71193,73737,77678
201711,우2동,78115,75985,74031,73011,72298,70366,66849,74370,90165,93087,90419,86266,85371,85908,86059,83916,81853,77498,78102,79858,79971,81960,79399,79384
201712,부전1동,58687,63678,65663,63865,60155,60133,48966,47998,61377,68728,67578,72873,77270,77371,75575,73168,70818,68890,74113,69353,64940,64189,63463,64349
201712,우2동,71188,68279,65523,63249,72391,68714,64193,65127,81419,86803,86518,84170,84135,83713,84736,82020,80533,76150,78090,76945,76677,79736,74901,74175
201712,괘법동,61466,62433,62673,61718,58503,60660,54338,55022,57487,60319,62406,63774,68992,66058,64253,62630,62385,63046,67771,70077,69897,65400,62420,59583
201712,남포동,18283,18412,18820,18831,20129,22309,21817,20751,23018,24462,25904,29290,31667,33023,33745,32457,31217,30968,32248,30682,28955,24832,23486,19894
201712,부전2동,90384,98675,97969,94555,81214,68710,54641,52808,66621,72909,74606,80988,88712,90828,89022,89164,88423,87430,96901,99742,99430,97343,95419,97059
201712,우1동,71403,71148,69837,67192,64233,51393,43930,42120,46655,50090,51781,51365,51674,50939,52220,52934,52132,50835,51545,59725,63234,65569,66240,69207
201801,남포동,18856,18877,18957,19160,19821,21748,21457,21216,24078,25301,27379,31482,34297,36356,37248,35579,33384,31739,31667,29243,27736,24372,23148,20107
201801,우1동,72091,72208,70883,68782,65787,52392,44780,42986,45767,50875,52286,50741,49935,48703,49874,49920,49801,48155,48594,56238,60681,63618,65232,69011
201801,부전1동,54825,58888,60102,59045,55940,55740,46136,46017,59807,66123,64342,68863,73516,73865,72598,69574,68122,65778,70174,64594,60270,60246,58830,59773
201801,부전2동,90855,98230,97800,93551,81648,73094,57358,56961,74066,77985,78742,84081,93247,95442,94822,94213,94942,94493,105339,106771,103362,102042,98192,96677
201801,괘법동,54195,54167,54115,53567,51284,53042,48524,50698,50865,52624,54429,56423,59998,58212,57268,56618,56602,57625,61914,61471,61977,60138,55978,54321
201801,우2동,72133,68988,65959,65123,71264,66695,63625,64954,81388,84125,82198,79203,77911,77948,77746,75776,74109,70689,72912,72650,73763,75103,71813,72558
201802,괘법동,57294,57719,58843,57736,54839,56043,51986,52050,52404,54179,55855,57704,61115,59828,58524,58070,58272,59814,63464,64474,65361,63280,59693,57087
201802,우1동,75512,75556,73042,71241,67120,54191,46161,44789,49452,53428,55157,53222,52697,51683,53481,53042,53025,52610,52947,60796,65043,67947,69473,72198
201802,우2동,72004,69723,67166,66189,65182,63175,59462,64492,79355,83528,82193,79222,77973,78707,79405,76844,76443,72584,74590,74290,74197,75364,72441,73247
201802,남포동,18512,19098,19789,19799,20391,22274,20876,20008,22510,24133,26398,29942,33107,35182,36139,34660,32752,31576,31406,29527,27667,24111,22817,19939
201802,부전1동,56578,60870,62900,61951,59251,57974,48227,46939,58440,64312,63355,68442,73919,73728,72636,70500,68354,66638,71293,65568,61861,61568,59841,61171
201802,부전2동,101332,108720,107857,103484,88669,77095,60134,57165,71666,75628,77924,85471,95841,98151,98426,98735,100828,100727,110912,114240,112954,111123,106554,106853
201803,우1동,75878,75292,74091,71056,66291,53320,45849,46450,48704,52552,53657,52324,52329,52034,53707,54087,54077,51460,52393,60578,64435,67050,69484,72552
201803,부전1동,56867,61027,63153,62532,58711,57818,48639,47740,60248,68133,67339,72198,77349,76542,74154,71689,70123,67945,71984,66776,62690,62267,61277,62615
201803,부전2동,96496,104469,104290,99108,84646,73673,57738,56473,72494,78505,80471,87046,96184,96899,95401,94924,96430,97323,108035,110590,108969,106448,102454,103009
201803,우2동,73934,71404,69218,67503,68338,66259,61308,68431,81730,86297,83672,80802,79459,79811,80830,78128,77374,73247,75645,77014,77442,79343,76421,76476
201803,괘법동,59104,59262,58934,57984,56115,55735,51542,50924,54311,56959,59966,59674,63758,61115,61117,59791,59385,61395,64477,65830,66510,63736,60732,58398
201803,남포동,18397,19241,19878,19432,20443,22316,20926,19787,21937,24312,26141,30100,32542,33946,34026,32599,31187,30436,30785,29202,27346,23669,22824,19950
201804,우1동,82612,82718,79976,77850,71543,56982,49743,48935,51316,55220,56613,55267,55638,55007,56376,56407,56870,55108,55164,63960,68878,72037,74804,77552
201804,남포동,16530,16848,17322,17324,18239,19562,18727,17437,19457,22109,24232,28530,31657,32728,32620,30714,29007,28145,28983,27489,25617,22100,20894,17653
201804,우2동,67659,65199,62142,61466,60602,61240,58705,68537,82171,83656,81367,77357,75583,75558,75960,73346,74184,70419,70810,70341,69487,72679,70889,70684
201804,괘법동,61516,61825,61348,61182,58328,56828,52922,52639,54526,56988,59877,60583,64951,62376,62280,60933,60224,61719,65773,67637,68647,66105,62542,61012
201804,부전2동,87688,94031,94207,86862,74154,64474,50059,50503,65397,71136,72944,78653,87322,87844,86214,85490,86233,87344,97166,98863,97766,94664,91219,91095
201804,부전1동,51784,54919,57159,56304,53276,54322,45522,44471,57329,65537,65166,70421,75526,73867,71668,69019,66411,64970,69426,62293,58213,57511,56218,57330
201805,남포동,16594,16649,17229,17096,17618,18569,18637,17419,19394,22037,24572,28514,31753,33471,33561,31931,30224,28952,29681,28452,26177,22457,20972,17821
201805,부전2동,89064,95023,94500,88228,74770,63537,50403,50868,65728,70212,71368,76663,86833,88330,87050,87219,88351,88899,98609,99523,97971,95893,93288,94245
201805,괘법동,58497,58938,59382,58390,55276,55027,52919,51997,53846,56215,58184,58115,61970,59400,58988,58074,57654,59110,63003,64099,65019,62690,59120,57563
201805,우1동,83390,83159,81629,78625,73572,59626,51618,49887,53645,58471,60880,60477,60144,60392,62172,62529,62133,59397,59243,68288,73469,76260,77927,80315
201805,우2동,74085,71702,69180,68459,67101,65868,62519,69591,83739,85984,83769,81031,79775,79974,80568,78116,77845,74522,75652,76087,76100,79203,77997,76969
201805,부전1동,51391,54346,56951,56101,52276,53526,45426,44505,56735,64923,65184,69764,74673,74105,72039,69122,66572,64788,68857,62021,58348,57968,55853,56812
201806,남포동,15128,15694,15829,15724,16232,17482,17617,16530,18204,20810,23136,26807,30154,31249,31333,30037,28316,27711,28197,27019,24706,21235,19550,16328
201806,부전1동,53362,56517,59780,58227,53905,53474,45341,44425,56477,64999,65623,70952,74763,73763,71055,68158,65552,64036,68025,61752,58004,57460,56908,57564
201806,우2동,79711,77424,73550,72799,70299,69574,65618,72824,88078,93322,92653,90893,90357,89703,91851,88559,87471,82602,81813,80922,82546,85910,83965,83395
201806,우1동,87428,87154,84610,82032,75002,60055,51289,50415,53639,57573,59468,59345,59993,58882,60493,60472,60525,59148,59766,70004,75730,79085,80817,84098
201806,괘법동,58486,59487,59171,58930,56887,56441,53585,52413,53789,56204,59072,58948,62761,59917,59203,58296,57956,59891,64122,64710,65868,63468,59775,58637
201806,부전2동,84602,90542,91807,86030,71863,60003,48141,48497,62570,66863,68918,73600,82544,83682,82418,82161,82746,83780,92452,93772,91650,90682,88239,89277
201807,부전1동,53156,55731,57180,56994,52318,51441,44267,44993,56445,64691,64102,68863,72223,71818,69302,67474,65237,63063,66797,60287,57009,56073,56064,57385
201807,괘법동,57275,59147,59619,58085,55847,55405,52830,52739,51972,55086,56496,57168,59848,58013,57417,56092,55755,56956,60092,60396,61766,60122,57285,56127
201807,남포동,14327,14684,15112,15509,15650,17281,17397,16002,17900,20371,22708,26100,28904,30400,30897,29773,28208,27366,27568,26646,24889,20998,18723,15581
201807,부전2동,90505,95637,95590,88816,72669,60065,48728,50574,65456,70831,71813,77750,87329,89883,89276,89182,88917,87808,95499,97244,96289,94410,91832,93033
201807,우2동,84878,80921,78591,77222,73860,72324,69678,74514,90047,92715,94052,90948,90847,89468,91105,87390,86449,82629,83287,84037,87560,90661,89364,88120
201807,우1동,91022,90947,90751,85891,78333,61623,52908,49455,53638,58530,61364,61727,61201,59842,62377,61877,61266,59305,60307,70460,77629,81813,84866,88348
201808,남포동,18082,18864,18586,18687,19128,20517,20030,19416,21346,23604,26746,30802,34661,36603,36611,35798,34018,33331,33512,33235,30741,25912,22451,19489
201808,우1동,91393,91782,87923,85052,77742,58528,50402,48999,54430,60150,63351,62918,62532,60827,63268,62977,62512,61225,63650,75267,81603,85111,87269,90129
201808,우2동,98576,94813,91202,93230,90284,81202,72035,79760,95057,98841,100293,96962,96371,95617,97144,94069,91261,87781,90469,95157,99826,103896,102096,104197
201808,부전1동,60605,64894,66194,64009,58148,55863,45286,49313,61133,65472,65509,70307,72840,72456,69906,67612,65493,63928,65961,61158,59834,59736,60100,61932
201808,괘법동,59905,61145,61927,61786,58800,56980,54821,55625,56043,57379,57780,58916,61013,60128,58518,58017,57328,59627,62041,62056,62980,62102,59249,59190
201808,부전2동,112549,118032,116621,104445,82669,63091,50641,56932,71644,72723,75518,81432,90598,93216,91891,92285,91515,93244,100448,104676,105929,105711,105565,110204
201809,괘법동,65138,66371,64990,63781,61244,58356,54947,54566,58161,57257,58980,60643,62874,62440,61886,61291,60898,63271,66486,68167,68785,66307,64555,63970
201809,부전2동,117432,125522,122924,110021,84036,63460,50117,53691,65390,64591,68628,73541,82225,85177,84685,87176,88395,94447,103263,109412,110266,109240,109692,112846
201809,남포동,19857,20295,20262,19952,20479,21943,20593,19954,21839,24754,28194,33177,37591,39764,40359,39396,37399,36863,36207,35478,32297,27076,23551,20641
201809,우2동,91622,89020,84259,81909,78335,77440,72243,82310,95989,96002,95989,92007,92530,92176,93602,92044,91738,89217,91300,93849,96924,97600,94369,94909
201809,부전1동,58864,62788,64268,62044,55222,53754,43718,46202,57756,60629,61967,66755,68946,68840,67011,64788,63211,62811,63691,60269,59668,58314,58992,60247
201809,우1동,79535,80479,78020,74256,66127,51967,47185,48309,52447,54637,56149,54904,54811,54819,56599,56920,57308,57123,60600,69824,72929,73876,74285,77276
201810,부전1동,59086,62831,63787,60884,54880,55351,44228,47475,59803,61964,63288,68441,71171,71246,68118,66488,64219,63790,65147,62102,60867,59523,59913,60703
201810,남포동,19095,19420,20032,19760,20376,21978,20437,19890,22108,24620,28181,34303,39299,41815,41119,40400,37779,37059,36698,36047,32851,27438,23089,20208
201810,괘법동,67008,68099,67383,64188,62591,59175,56811,57871,60766,59118,61932,63087,64513,63680,62956,62963,62871,65184,67579,69195,70608,68842,65600,66593
201810,부전2동,110172,117379,114977,103386,78162,60092,47162,51271,64599,63528,67258,73089,81882,83190,81220,82864,82834,87413,97219,104280,105750,104409,103982,108905
201810,우2동,89359,86048,82006,80030,76290,75190,72162,82838,96173,95938,92242,89080,88824,88181,90321,90181,89909,86656,90631,94268,95410,99206,93450,92915
201810,우1동,84006,84980,82893,77779,67836,51094,46792,47751,52461,54235,55756,55427,56027,54721,56074,56545,56946,55151,59536,69967,73227,76034,76637,81157
201811,괘법동,65847,67390,65655,63572,61029,57948,57128,58510,61099,60137,61750,63152,65120,63964,63475,63022,62583,65191,68917,70877,71764,69741,66865,67186
201811,우2동,75707,74128,70270,69532,66329,66952,61357,71783,87790,86507,83925,79594,79270,79969,81002,80545,80106,77476,79259,80470,82076,83221,79916,79633
201811,부전2동,106527,114116,111732,97202,72636,56790,45217,49111,63101,62169,65735,71831,80962,82522,80439,81924,82646,88119,99298,105751,107113,106184,103692,107119
201811,부전1동,57104,60095,61321,57462,51820,54189,43562,47334,59875,62591,63681,68754,71580,71648,68837,67374,65146,65185,66810,62858,61634,59894,60192,59965
201811,남포동,19551,19666,20162,20303,21274,23604,21826,20793,22607,25265,28650,34025,38893,41345,40383,38737,36097,35359,35435,35320,32648,27158,23612,20649
201811,우1동,87956,91031,90922,88074,75572,55840,48692,46703,51153,52897,54555,53095,53202,52285,54274,54487,54534,53440,57028,67845,70445,73655,76914,82983
201812,부전2동,89745,94799,95517,85272,66672,50971,40885,44571,56278,56889,60689,69027,76793,79337,78150,79343,78829,83177,92235,96998,94299,92614,90501,88176
201812,남포동,17784,17515,18191,17987,19314,21163,19954,19204,21138,23374,26494,33705,38837,41584,41837,41251,39128,40087,41672,41316,37028,30057,24619,19277
201812,괘법동,59725,59578,60095,57161,54785,51826,49867,50757,53357,53680,54821,58743,60617,59747,58842,58746,58445,61356,65044,66173,64910,63149,60610,57484
201812,부전1동,48282,50756,53519,50521,45584,45340,36752,40597,52572,56510,58480,67726,71570,73070,70412,69009,65731,65503,66662,61677,55788,53506,52560,49996
201812,우2동,82539,80200,78944,77712,90632,75449,67449,71976,89155,90928,92383,93040,91633,91850,93211,91849,91495,87594,89347,90194,91236,90784,86289,82199
201812,우1동,85889,87945,89878,87311,81441,58355,51426,49695,55639,57528,59322,60482,60125,59405,61840,62416,62307,61266,65003,75612,75767,78375,80030,81260
201901,부전1동,47103,49674,50890,47535,45669,49452,39188,45558,59702,65728,69073,78676,83444,85475,80289,79509,73279,70373,72462,61895,56089,55239,51680,52214
201901,부전2동,72505,76186,75033,66661,54103,48201,38513,46043,58616,58600,60996,64999,71613,73620,69318,72508,69639,71791,81548,78579,78152,78513,73888,78101
201901,남포동,20014,20181,21012,20605,21466,22798,19954,20754,22666,25566,30356,36234,41134,42697,41670,40863,36620,35259,35490,33611,30487,25655,22303,20350
201901,괘법동,59527,60630,60418,56648,54980,51970,48331,51841,53529,55845,56269,59587,60962,59920,56567,58089,56607,58975,63695,62991,63505,63518,57970,59657
201901,우1동,93584,95777,94875,91949,83208,63047,53079,54145,58714,63628,66168,64321,63108,62104,62197,64149,62283,61095,66684,75575,77063,81960,81277,89099
201901,우2동,85579,83261,80168,79142,85458,76081,66042,74708,90947,94025,94625,90066,88467,88209,86381,86680,82630,79803,83558,81166,83363,87089,81184,85004
201902,남포동,77203,77781,77065,74880,73376,77016,71308,73313,80706,92283,107381,130874,152469,162872,166516,162757,157371,154672,153280,149707,131928,110940,92264,84406
201902,우2동,86516,84423,82199,80348,77017,73163,65013,71900,88835,93534,94928,91125,89419,89456,91897,88672,87871,84560,86047,86298,87071,91626,84969,88844
201902,우1동,54533,56588,56995,56015,49278,38803,33338,31316,33963,35322,36209,35743,34320,33926,35621,36158,36654,36337,38065,43038,43268,46814,47515,52829
201902,괘법동,63040,63916,63076,58924,58019,54575,53782,53689,55350,57062,56972,59988,61796,60805,59863,59880,59449,62711,65523,67618,66175,66753,61065,62524
201902,부전1동,34840,35867,37855,36733,37560,46751,41209,47556,56228,55199,57515,61467,65882,67198,65726,64338,61824,60447,59174,52726,48937,50048,46271,46077
201902,부전2동,99004,104153,101434,90923,74128,57788,46537,48441,62621,67317,72269,83937,91941,94691,93600,94184,92833,94291,101993,102376,95735,94909,92048,98375
