title,category,period,ratio,adj_ratio
패션의류,50000000,2018-01-01,61.07918000000001,61.07918000000001
패션의류,50000000,2018-01-02,63.77234,63.77234
패션의류,50000000,2018-01-03,64.78643000000001,64.78643000000001
패션의류,50000000,2018-01-04,62.33443000000001,62.33443000000001
패션의류,50000000,2018-01-05,54.4421,54.4421
패션의류,50000000,2018-01-06,61.6616,61.6616
패션의류,50000000,2018-01-07,76.7685,76.7685
패션의류,50000000,2018-01-08,71.0826,71.0826
패션의류,50000000,2018-01-09,70.00463,70.00463
패션의류,50000000,2018-01-10,69.03416,69.03416
패션의류,50000000,2018-01-11,65.38885,65.38885
패션의류,50000000,2018-01-12,56.93648,56.93648
패션의류,50000000,2018-01-13,60.55835,60.55835
패션의류,50000000,2018-01-14,75.75671,75.75671
패션의류,50000000,2018-01-15,69.24633,69.24633
패션의류,50000000,2018-01-16,67.05251,67.05251
패션의류,50000000,2018-01-17,62.88901,62.88901
패션의류,50000000,2018-01-18,57.46436,57.46436
패션의류,50000000,2018-01-19,50.544270000000004,50.544270000000004
패션의류,50000000,2018-01-20,57.60402,57.60402
패션의류,50000000,2018-01-21,72.74493000000002,72.74493000000002
패션의류,50000000,2018-01-22,65.85409,65.85409
패션의류,50000000,2018-01-23,65.97278,65.97278
패션의류,50000000,2018-01-24,64.73286,64.73286
패션의류,50000000,2018-01-25,59.975390000000004,59.975390000000004
패션의류,50000000,2018-01-26,54.50642,54.50642
패션의류,50000000,2018-01-27,59.4928,59.4928
패션의류,50000000,2018-01-28,74.62613,74.62613
패션의류,50000000,2018-01-29,67.16494,67.16494
패션의류,50000000,2018-01-30,64.95234,64.95234
패션의류,50000000,2018-01-31,62.18411,62.18411
패션의류,50000000,2018-02-01,61.080769999999994,61.080769999999994
패션의류,50000000,2018-02-02,52.66336999999999,52.66336999999999
패션의류,50000000,2018-02-03,60.816959999999995,60.816959999999995
패션의류,50000000,2018-02-04,78.00023,78.00023
패션의류,50000000,2018-02-05,71.58484,71.58484
패션의류,50000000,2018-02-06,68.81775,68.81775
패션의류,50000000,2018-02-07,64.82291,64.82291
패션의류,50000000,2018-02-08,58.08036,58.08036
패션의류,50000000,2018-02-09,49.6153,49.6153
패션의류,50000000,2018-02-10,52.75254,52.75254
패션의류,50000000,2018-02-11,67.47386,67.47386
패션의류,50000000,2018-02-12,53.81191999999999,53.81191999999999
패션의류,50000000,2018-02-13,43.875640000000004,43.875640000000004
패션의류,50000000,2018-02-14,39.981770000000004,39.981770000000004
패션의류,50000000,2018-02-15,48.61222,48.61222
패션의류,50000000,2018-02-16,51.671929999999996,51.671929999999996
패션의류,50000000,2018-02-17,57.301269999999995,57.301269999999995
패션의류,50000000,2018-02-18,74.27395,74.27395
패션의류,50000000,2018-02-19,68.13708000000001,68.13708000000001
패션의류,50000000,2018-02-20,63.44553000000001,63.44553000000001
패션의류,50000000,2018-02-21,60.33974,60.33974
패션의류,50000000,2018-02-22,58.33113,58.33113
패션의류,50000000,2018-02-23,50.23578,50.23578
패션의류,50000000,2018-02-24,56.77938,56.77938
패션의류,50000000,2018-02-25,72.95763000000002,72.95763000000002
패션의류,50000000,2018-02-26,67.2757,67.2757
패션의류,50000000,2018-02-27,65.37387,65.37387
패션의류,50000000,2018-02-28,57.84607,57.84607
패션의류,50000000,2018-03-01,72.21158,72.21158
패션의류,50000000,2018-03-02,60.229330000000004,60.229330000000004
패션의류,50000000,2018-03-03,64.84767,64.84767
패션의류,50000000,2018-03-04,87.68997,87.68997
패션의류,50000000,2018-03-05,70.26932,70.26932
패션의류,50000000,2018-03-06,67.68242,67.68242
패션의류,50000000,2018-03-07,64.75171,64.75171
패션의류,50000000,2018-03-08,59.47615,59.47615
패션의류,50000000,2018-03-09,49.92149000000001,49.92149000000001
패션의류,50000000,2018-03-10,57.67011,57.67011
패션의류,50000000,2018-03-11,79.04154,79.04154
패션의류,50000000,2018-03-12,68.15171,68.15171
패션의류,50000000,2018-03-13,65.27378,65.27378
패션의류,50000000,2018-03-14,61.06551999999999,61.06551999999999
패션의류,50000000,2018-03-15,57.14821,57.14821
패션의류,50000000,2018-03-16,50.1882,50.1882
패션의류,50000000,2018-03-17,57.53098000000001,57.53098000000001
패션의류,50000000,2018-03-18,75.86174,75.86174
패션의류,50000000,2018-03-19,62.76195,62.76195
패션의류,50000000,2018-03-20,57.42426999999999,57.42426999999999
패션의류,50000000,2018-03-21,54.68600000000001,54.68600000000001
패션의류,50000000,2018-03-22,49.97585,49.97585
패션의류,50000000,2018-03-23,44.96366,44.96366
패션의류,50000000,2018-03-24,52.66663000000001,52.66663000000001
패션의류,50000000,2018-03-25,69.25171,69.25171
패션의류,50000000,2018-03-26,59.979009999999995,59.979009999999995
패션의류,50000000,2018-03-27,57.541109999999996,57.541109999999996
패션의류,50000000,2018-03-28,55.511959999999995,55.511959999999995
패션의류,50000000,2018-03-29,50.76076,50.76076
패션의류,50000000,2018-03-30,43.30802,43.30802
패션의류,50000000,2018-03-31,48.78748,48.78748
패션의류,50000000,2018-04-01,65.05861,65.05861
패션의류,50000000,2018-04-02,59.925259999999994,59.925259999999994
패션의류,50000000,2018-04-03,55.77956,55.77956
패션의류,50000000,2018-04-04,53.248709999999996,53.248709999999996
패션의류,50000000,2018-04-05,48.39309,48.39309
패션의류,50000000,2018-04-06,40.98141,40.98141
패션의류,50000000,2018-04-07,44.57631,44.57631
패션의류,50000000,2018-04-08,57.62913,57.62913
패션의류,50000000,2018-04-09,52.454190000000004,52.454190000000004
패션의류,50000000,2018-04-10,52.959869999999995,52.959869999999995
패션의류,50000000,2018-04-11,51.95345,51.95345
패션의류,50000000,2018-04-12,47.20603,47.20603
패션의류,50000000,2018-04-13,40.6539,40.6539
패션의류,50000000,2018-04-14,46.82398,46.82398
패션의류,50000000,2018-04-15,59.45209000000001,59.45209000000001
패션의류,50000000,2018-04-16,54.08745,54.08745
패션의류,50000000,2018-04-17,52.26493,52.26493
패션의류,50000000,2018-04-18,50.04123,50.04123
패션의류,50000000,2018-04-19,47.18612,47.18612
패션의류,50000000,2018-04-20,42.066159999999996,42.066159999999996
패션의류,50000000,2018-04-21,46.06304,46.06304
패션의류,50000000,2018-04-22,61.559309999999996,61.559309999999996
패션의류,50000000,2018-04-23,52.843830000000004,52.843830000000004
패션의류,50000000,2018-04-24,50.17393,50.17393
패션의류,50000000,2018-04-25,48.03817,48.03817
패션의류,50000000,2018-04-26,45.73455,45.73455
패션의류,50000000,2018-04-27,39.30683,39.30683
패션의류,50000000,2018-04-28,43.059020000000004,43.059020000000004
패션의류,50000000,2018-04-29,56.212019999999995,56.212019999999995
패션의류,50000000,2018-04-30,51.16872,51.16872
패션의류,50000000,2018-05-01,61.05345,61.05345
패션의류,50000000,2018-05-02,53.73641,53.73641
패션의류,50000000,2018-05-03,45.36994,45.36994
패션의류,50000000,2018-05-04,38.1307,38.1307
패션의류,50000000,2018-05-05,42.539770000000004,42.539770000000004
패션의류,50000000,2018-05-06,51.85353,51.85353
패션의류,50000000,2018-05-07,58.457209999999996,58.457209999999996
패션의류,50000000,2018-05-08,52.57366999999999,52.57366999999999
패션의류,50000000,2018-05-09,48.92907,48.92907
패션의류,50000000,2018-05-10,46.22798,46.22798
패션의류,50000000,2018-05-11,40.98238,40.98238
패션의류,50000000,2018-05-12,45.46378,45.46378
패션의류,50000000,2018-05-13,58.2616,58.2616
패션의류,50000000,2018-05-14,55.83172,55.83172
패션의류,50000000,2018-05-15,55.3864,55.3864
패션의류,50000000,2018-05-16,52.4126,52.4126
패션의류,50000000,2018-05-17,47.21194000000001,47.21194000000001
패션의류,50000000,2018-05-18,38.72159,38.72159
패션의류,50000000,2018-05-19,42.37703,42.37703
패션의류,50000000,2018-05-20,55.00937,55.00937
패션의류,50000000,2018-05-21,48.74765,48.74765
패션의류,50000000,2018-05-22,58.89989,58.89989
패션의류,50000000,2018-05-23,52.43454000000001,52.43454000000001
패션의류,50000000,2018-05-24,47.44121,47.44121
패션의류,50000000,2018-05-25,40.72773,40.72773
패션의류,50000000,2018-05-26,44.5846,44.5846
패션의류,50000000,2018-05-27,60.362559999999995,60.362559999999995
패션의류,50000000,2018-05-28,56.68765,56.68765
패션의류,50000000,2018-05-29,55.37609000000001,55.37609000000001
패션의류,50000000,2018-05-30,51.22097,51.22097
패션의류,50000000,2018-05-31,48.275459999999995,48.275459999999995
패션의류,50000000,2018-06-01,46.49408,46.49408
패션의류,50000000,2018-06-02,49.05138,49.05138
패션의류,50000000,2018-06-03,63.90565,63.90565
패션의류,50000000,2018-06-04,59.07391,59.07391
패션의류,50000000,2018-06-05,49.38805,49.38805
패션의류,50000000,2018-06-06,60.956,60.956
패션의류,50000000,2018-06-07,54.83755,54.83755
패션의류,50000000,2018-06-08,44.42511,44.42511
패션의류,50000000,2018-06-09,48.60931,48.60931
패션의류,50000000,2018-06-10,61.30334000000001,61.30334000000001
패션의류,50000000,2018-06-11,54.41285,54.41285
패션의류,50000000,2018-06-12,47.19846,47.19846
패션의류,50000000,2018-06-13,54.85685,54.85685
패션의류,50000000,2018-06-14,49.2743,49.2743
패션의류,50000000,2018-06-15,42.42892,42.42892
패션의류,50000000,2018-06-16,43.94596,43.94596
패션의류,50000000,2018-06-17,58.72023000000001,58.72023000000001
패션의류,50000000,2018-06-18,53.14861,53.14861
패션의류,50000000,2018-06-19,51.78516,51.78516
패션의류,50000000,2018-06-20,50.30425,50.30425
패션의류,50000000,2018-06-21,47.41231,47.41231
패션의류,50000000,2018-06-22,41.232620000000004,41.232620000000004
패션의류,50000000,2018-06-23,43.732279999999996,43.732279999999996
패션의류,50000000,2018-06-24,56.01544000000001,56.01544000000001
패션의류,50000000,2018-06-25,53.77086,53.77086
패션의류,50000000,2018-06-26,53.58785,53.58785
패션의류,50000000,2018-06-27,49.46568,49.46568
패션의류,50000000,2018-06-28,42.91892,42.91892
패션의류,50000000,2018-06-29,40.27387,40.27387
패션의류,50000000,2018-06-30,47.132459999999995,47.132459999999995
패션의류,50000000,2018-07-01,65.2892,65.2892
패션의류,50000000,2018-07-02,58.337559999999996,58.337559999999996
패션의류,50000000,2018-07-03,56.00487,56.00487
패션의류,50000000,2018-07-04,53.451190000000004,53.451190000000004
패션의류,50000000,2018-07-05,48.57777,48.57777
패션의류,50000000,2018-07-06,40.88026,40.88026
패션의류,50000000,2018-07-07,43.28141,43.28141
패션의류,50000000,2018-07-08,57.17165,57.17165
패션의류,50000000,2018-07-09,52.462830000000004,52.462830000000004
패션의류,50000000,2018-07-10,51.82304,51.82304
패션의류,50000000,2018-07-11,51.36662000000001,51.36662000000001
패션의류,50000000,2018-07-12,47.43566,47.43566
패션의류,50000000,2018-07-13,41.39642,41.39642
패션의류,50000000,2018-07-14,44.07901,44.07901
패션의류,50000000,2018-07-15,58.39448,58.39448
패션의류,50000000,2018-07-16,55.30419000000001,55.30419000000001
패션의류,50000000,2018-07-17,52.55481999999999,52.55481999999999
패션의류,50000000,2018-07-18,50.982009999999995,50.982009999999995
패션의류,50000000,2018-07-19,45.97193,45.97193
패션의류,50000000,2018-07-20,40.71954,40.71954
패션의류,50000000,2018-07-21,43.99433,43.99433
패션의류,50000000,2018-07-22,56.980180000000004,56.980180000000004
패션의류,50000000,2018-07-23,53.95916,53.95916
패션의류,50000000,2018-07-24,52.39622,52.39622
패션의류,50000000,2018-07-25,49.94096,49.94096
패션의류,50000000,2018-07-26,46.20763,46.20763
패션의류,50000000,2018-07-27,40.026270000000004,40.026270000000004
패션의류,50000000,2018-07-28,41.39131,41.39131
패션의류,50000000,2018-07-29,51.88129,51.88129
패션의류,50000000,2018-07-30,49.166270000000004,49.166270000000004
패션의류,50000000,2018-07-31,47.71823,47.71823
패션의류,50000000,2018-08-01,49.14883,49.14883
패션의류,50000000,2018-08-02,44.614909999999995,44.614909999999995
패션의류,50000000,2018-08-03,38.8127,38.8127
패션의류,50000000,2018-08-04,39.68915,39.68915
패션의류,50000000,2018-08-05,50.56929,50.56929
패션의류,50000000,2018-08-06,48.57116,48.57116
패션의류,50000000,2018-08-07,47.02576,47.02576
패션의류,50000000,2018-08-08,45.09574,45.09574
패션의류,50000000,2018-08-09,42.26239,42.26239
패션의류,50000000,2018-08-10,38.32658,38.32658
패션의류,50000000,2018-08-11,40.07861,40.07861
패션의류,50000000,2018-08-12,51.95512,51.95512
패션의류,50000000,2018-08-13,49.40233,49.40233
패션의류,50000000,2018-08-14,43.941990000000004,43.941990000000004
패션의류,50000000,2018-08-15,52.24554000000001,52.24554000000001
패션의류,50000000,2018-08-16,48.81982,48.81982
패션의류,50000000,2018-08-17,43.89732,43.89732
패션의류,50000000,2018-08-18,45.599740000000004,45.599740000000004
패션의류,50000000,2018-08-19,54.14225,54.14225
패션의류,50000000,2018-08-20,51.81644,51.81644
패션의류,50000000,2018-08-21,50.207409999999996,50.207409999999996
패션의류,50000000,2018-08-22,48.76686,48.76686
패션의류,50000000,2018-08-23,46.93315,46.93315
패션의류,50000000,2018-08-24,42.82843,42.82843
패션의류,50000000,2018-08-25,45.68389000000001,45.68389000000001
패션의류,50000000,2018-08-26,61.64556999999999,61.64556999999999
패션의류,50000000,2018-08-27,56.91613,56.91613
패션의류,50000000,2018-08-28,55.143919999999994,55.143919999999994
패션의류,50000000,2018-08-29,52.4853,52.4853
패션의류,50000000,2018-08-30,47.49416,47.49416
패션의류,50000000,2018-08-31,44.14914,44.14914
패션의류,50000000,2018-09-01,49.0912,49.0912
패션의류,50000000,2018-09-02,62.48643000000001,62.48643000000001
패션의류,50000000,2018-09-03,60.19268,60.19268
패션의류,50000000,2018-09-04,57.77267,57.77267
패션의류,50000000,2018-09-05,55.90979,55.90979
패션의류,50000000,2018-09-06,51.87459000000001,51.87459000000001
패션의류,50000000,2018-09-07,47.151579999999996,47.151579999999996
패션의류,50000000,2018-09-08,51.91468,51.91468
패션의류,50000000,2018-09-09,68.2867,68.2867
패션의류,50000000,2018-09-10,62.9988,62.9988
패션의류,50000000,2018-09-11,64.6784,64.6784
패션의류,50000000,2018-09-12,60.592969999999994,60.592969999999994
패션의류,50000000,2018-09-13,53.92664,53.92664
패션의류,50000000,2018-09-14,47.68757,47.68757
패션의류,50000000,2018-09-15,52.18298,52.18298
패션의류,50000000,2018-09-16,67.51563,67.51563
패션의류,50000000,2018-09-17,60.56725,60.56725
패션의류,50000000,2018-09-18,54.592330000000004,54.592330000000004
패션의류,50000000,2018-09-19,48.26259,48.26259
패션의류,50000000,2018-09-20,41.72164,41.72164
패션의류,50000000,2018-09-21,38.5184,38.5184
패션의류,50000000,2018-09-22,43.55562000000001,43.55562000000001
패션의류,50000000,2018-09-23,50.60374,50.60374
패션의류,50000000,2018-09-24,49.905359999999995,49.905359999999995
패션의류,50000000,2018-09-25,59.70981999999999,59.70981999999999
패션의류,50000000,2018-09-26,74.58895,74.58895
패션의류,50000000,2018-09-27,65.27034,65.27034
패션의류,50000000,2018-09-28,58.365669999999994,58.365669999999994
패션의류,50000000,2018-09-29,62.4414,62.4414
패션의류,50000000,2018-09-30,77.9263,77.9263
패션의류,50000000,2018-10-01,81.39979,81.39979
패션의류,50000000,2018-10-02,65.94158,65.94158
패션의류,50000000,2018-10-03,79.85597,79.85597
패션의류,50000000,2018-10-04,68.11453,68.11453
패션의류,50000000,2018-10-05,59.570080000000004,59.570080000000004
패션의류,50000000,2018-10-06,64.61443,64.61443
패션의류,50000000,2018-10-07,78.14851999999998,78.14851999999998
패션의류,50000000,2018-10-08,68.33313000000001,68.33313000000001
패션의류,50000000,2018-10-09,80.95631999999998,80.95631999999998
패션의류,50000000,2018-10-10,82.81664,82.81664
패션의류,50000000,2018-10-11,83.23447,83.23447
패션의류,50000000,2018-10-12,73.09016,73.09016
패션의류,50000000,2018-10-13,72.98794000000002,72.98794000000002
패션의류,50000000,2018-10-14,89.58439,89.58439
패션의류,50000000,2018-10-15,79.83685,79.83685
패션의류,50000000,2018-10-16,74.82518,74.82518
패션의류,50000000,2018-10-17,70.60961,70.60961
패션의류,50000000,2018-10-18,66.14125,66.14125
패션의류,50000000,2018-10-19,58.75962,58.75962
패션의류,50000000,2018-10-20,64.34401,64.34401
패션의류,50000000,2018-10-21,82.03551999999998,82.03551999999998
패션의류,50000000,2018-10-22,74.34496999999998,74.34496999999998
패션의류,50000000,2018-10-23,71.46139000000002,71.46139000000002
패션의류,50000000,2018-10-24,67.75318,67.75318
패션의류,50000000,2018-10-25,61.68487,61.68487
패션의류,50000000,2018-10-26,57.58199000000001,57.58199000000001
패션의류,50000000,2018-10-27,65.61601,65.61601
패션의류,50000000,2018-10-28,92.13013000000001,92.13013000000001
패션의류,50000000,2018-10-29,88.43434,88.43434
패션의류,50000000,2018-10-30,88.24401999999998,88.24401999999998
패션의류,50000000,2018-10-31,81.68746999999998,81.68746999999998
패션의류,50000000,2018-11-01,82.09314,82.09314
패션의류,50000000,2018-11-02,65.79047,65.79047
패션의류,50000000,2018-11-03,71.22561,71.22561
패션의류,50000000,2018-11-04,89.14012,89.14012
패션의류,50000000,2018-11-05,79.19433000000002,79.19433000000002
패션의류,50000000,2018-11-06,72.46958000000002,72.46958000000002
패션의류,50000000,2018-11-07,69.29259,69.29259
패션의류,50000000,2018-11-08,64.49345,64.49345
패션의류,50000000,2018-11-09,56.49433000000001,56.49433000000001
패션의류,50000000,2018-11-10,63.399359999999994,63.399359999999994
패션의류,50000000,2018-11-11,85.27903,85.27903
패션의류,50000000,2018-11-12,75.03206999999998,75.03206999999998
패션의류,50000000,2018-11-13,72.04285,72.04285
패션의류,50000000,2018-11-14,67.80736999999999,67.80736999999999
패션의류,50000000,2018-11-15,62.86848000000001,62.86848000000001
패션의류,50000000,2018-11-16,56.84053,56.84053
패션의류,50000000,2018-11-17,65.51389,65.51389
패션의류,50000000,2018-11-18,87.54123,87.54123
패션의류,50000000,2018-11-19,79.44006999999998,79.44006999999998
패션의류,50000000,2018-11-20,76.83882,76.83882
패션의류,50000000,2018-11-21,74.51564,74.51564
패션의류,50000000,2018-11-22,71.93966999999998,71.93966999999998
패션의류,50000000,2018-11-23,66.0467,66.0467
패션의류,50000000,2018-11-24,74.82271,74.82271
패션의류,50000000,2018-11-25,91.15032,91.15032
패션의류,50000000,2018-11-26,79.90857,79.90857
패션의류,50000000,2018-11-27,72.51875,72.51875
패션의류,50000000,2018-11-28,68.0969,68.0969
패션의류,50000000,2018-11-29,63.49946,63.49946
패션의류,50000000,2018-11-30,56.712669999999996,56.712669999999996
패션의류,50000000,2018-12-01,67.52928,67.52928
패션의류,50000000,2018-12-02,86.44599000000002,86.44599000000002
패션의류,50000000,2018-12-03,75.56832,75.56832
패션의류,50000000,2018-12-04,73.62905,73.62905
패션의류,50000000,2018-12-05,75.48971999999998,75.48971999999998
패션의류,50000000,2018-12-06,71.14613,71.14613
패션의류,50000000,2018-12-07,71.19107,71.19107
패션의류,50000000,2018-12-08,77.87105,77.87105
패션의류,50000000,2018-12-09,100.0,100.0
패션의류,50000000,2018-12-10,90.23589,90.23589
패션의류,50000000,2018-12-11,85.00236,85.00236
패션의류,50000000,2018-12-12,78.73799,78.73799
패션의류,50000000,2018-12-13,72.21793000000002,72.21793000000002
패션의류,50000000,2018-12-14,62.59216,62.59216
패션의류,50000000,2018-12-15,68.17101,68.17101
패션의류,50000000,2018-12-16,87.63727,87.63727
패션의류,50000000,2018-12-17,79.82777,79.82777
패션의류,50000000,2018-12-18,72.96354000000002,72.96354000000002
패션의류,50000000,2018-12-19,66.86024,66.86024
패션의류,50000000,2018-12-20,58.490790000000004,58.490790000000004
패션의류,50000000,2018-12-21,47.94063,47.94063
패션의류,50000000,2018-12-22,49.33475,49.33475
패션의류,50000000,2018-12-23,60.13435,60.13435
패션의류,50000000,2018-12-24,47.06541,47.06541
패션의류,50000000,2018-12-25,55.10876,55.10876
패션의류,50000000,2018-12-26,57.59644,57.59644
패션의류,50000000,2018-12-27,54.98443,54.98443
패션의류,50000000,2018-12-28,50.12846,50.12846
패션의류,50000000,2018-12-29,53.65825,53.65825
패션의류,50000000,2018-12-30,62.50229,62.50229
패션의류,50000000,2018-12-31,48.67469000000001,48.67469000000001
패션잡화,50000001,2018-01-01,53.26985,53.26985
패션잡화,50000001,2018-01-02,54.10525,54.10525
패션잡화,50000001,2018-01-03,53.27381999999999,53.27381999999999
패션잡화,50000001,2018-01-04,52.30802,52.30802
패션잡화,50000001,2018-01-05,47.11404,47.11404
패션잡화,50000001,2018-01-06,52.33286,52.33286
패션잡화,50000001,2018-01-07,65.16998000000001,65.16998000000001
패션잡화,50000001,2018-01-08,59.39834000000001,59.39834000000001
패션잡화,50000001,2018-01-09,57.08275,57.08275
패션잡화,50000001,2018-01-10,56.14593000000001,56.14593000000001
패션잡화,50000001,2018-01-11,54.89949,54.89949
패션잡화,50000001,2018-01-12,48.83894,48.83894
패션잡화,50000001,2018-01-13,52.00279000000001,52.00279000000001
패션잡화,50000001,2018-01-14,66.16257,66.16257
패션잡화,50000001,2018-01-15,59.29851,59.29851
패션잡화,50000001,2018-01-16,58.025459999999995,58.025459999999995
패션잡화,50000001,2018-01-17,56.78678000000001,56.78678000000001
패션잡화,50000001,2018-01-18,52.460359999999994,52.460359999999994
패션잡화,50000001,2018-01-19,47.77462,47.77462
패션잡화,50000001,2018-01-20,54.2279,54.2279
패션잡화,50000001,2018-01-21,68.303,68.303
패션잡화,50000001,2018-01-22,60.536319999999996,60.536319999999996
패션잡화,50000001,2018-01-23,57.92519,57.92519
패션잡화,50000001,2018-01-24,55.92292,55.92292
패션잡화,50000001,2018-01-25,54.08119,54.08119
패션잡화,50000001,2018-01-26,49.16733,49.16733
패션잡화,50000001,2018-01-27,55.43663000000001,55.43663000000001
패션잡화,50000001,2018-01-28,69.31612,69.31612
패션잡화,50000001,2018-01-29,61.16226999999999,61.16226999999999
패션잡화,50000001,2018-01-30,58.59405,58.59405
패션잡화,50000001,2018-01-31,58.01551,58.01551
패션잡화,50000001,2018-02-01,58.51201999999999,58.51201999999999
패션잡화,50000001,2018-02-02,52.16113,52.16113
패션잡화,50000001,2018-02-03,57.59926,57.59926
패션잡화,50000001,2018-02-04,73.65117,73.65117
패션잡화,50000001,2018-02-05,66.13094,66.13094
패션잡화,50000001,2018-02-06,62.723009999999995,62.723009999999995
패션잡화,50000001,2018-02-07,60.47667,60.47667
패션잡화,50000001,2018-02-08,55.90326999999999,55.90326999999999
패션잡화,50000001,2018-02-09,50.058409999999995,50.058409999999995
패션잡화,50000001,2018-02-10,54.85235,54.85235
패션잡화,50000001,2018-02-11,69.44740999999999,69.44740999999999
패션잡화,50000001,2018-02-12,55.70176,55.70176
패션잡화,50000001,2018-02-13,48.80792,48.80792
패션잡화,50000001,2018-02-14,47.26639,47.26639
패션잡화,50000001,2018-02-15,57.702619999999996,57.702619999999996
패션잡화,50000001,2018-02-16,62.398669999999996,62.398669999999996
패션잡화,50000001,2018-02-17,66.91884,66.91884
패션잡화,50000001,2018-02-18,84.89001,84.89001
패션잡화,50000001,2018-02-19,75.34099,75.34099
패션잡화,50000001,2018-02-20,67.67475999999999,67.67475999999999
패션잡화,50000001,2018-02-21,66.82817,66.82817
패션잡화,50000001,2018-02-22,62.2146,62.2146
패션잡화,50000001,2018-02-23,55.7756,55.7756
패션잡화,50000001,2018-02-24,62.00189,62.00189
패션잡화,50000001,2018-02-25,75.66331,75.66331
패션잡화,50000001,2018-02-26,69.8507,69.8507
패션잡화,50000001,2018-02-27,66.78729,66.78729
패션잡화,50000001,2018-02-28,62.01246999999999,62.01246999999999
패션잡화,50000001,2018-03-01,78.58494,78.58494
패션잡화,50000001,2018-03-02,64.17546,64.17546
패션잡화,50000001,2018-03-03,66.87337,66.87337
패션잡화,50000001,2018-03-04,85.21621,85.21621
패션잡화,50000001,2018-03-05,69.81017,69.81017
패션잡화,50000001,2018-03-06,65.28744,65.28744
패션잡화,50000001,2018-03-07,62.62846,62.62846
패션잡화,50000001,2018-03-08,60.10219,60.10219
패션잡화,50000001,2018-03-09,52.34837,52.34837
패션잡화,50000001,2018-03-10,59.94914,59.94914
패션잡화,50000001,2018-03-11,77.86577,77.86577
패션잡화,50000001,2018-03-12,65.84915,65.84915
패션잡화,50000001,2018-03-13,61.3896,61.3896
패션잡화,50000001,2018-03-14,57.42383,57.42383
패션잡화,50000001,2018-03-15,57.181869999999996,57.181869999999996
패션잡화,50000001,2018-03-16,50.84244,50.84244
패션잡화,50000001,2018-03-17,56.2351,56.2351
패션잡화,50000001,2018-03-18,72.82705,72.82705
패션잡화,50000001,2018-03-19,61.239369999999994,61.239369999999994
패션잡화,50000001,2018-03-20,55.81675,55.81675
패션잡화,50000001,2018-03-21,53.28589,53.28589
패션잡화,50000001,2018-03-22,50.26363,50.26363
패션잡화,50000001,2018-03-23,46.492940000000004,46.492940000000004
패션잡화,50000001,2018-03-24,53.139619999999994,53.139619999999994
패션잡화,50000001,2018-03-25,67.7886,67.7886
패션잡화,50000001,2018-03-26,58.1764,58.1764
패션잡화,50000001,2018-03-27,54.06507,54.06507
패션잡화,50000001,2018-03-28,51.91838,51.91838
패션잡화,50000001,2018-03-29,48.95339,48.95339
패션잡화,50000001,2018-03-30,42.93046,42.93046
패션잡화,50000001,2018-03-31,47.9119,47.9119
패션잡화,50000001,2018-04-01,64.47865,64.47865
패션잡화,50000001,2018-04-02,56.58658000000001,56.58658000000001
패션잡화,50000001,2018-04-03,52.91529,52.91529
패션잡화,50000001,2018-04-04,50.88227,50.88227
패션잡화,50000001,2018-04-05,48.78933,48.78933
패션잡화,50000001,2018-04-06,43.22185,43.22185
패션잡화,50000001,2018-04-07,46.637,46.637
패션잡화,50000001,2018-04-08,59.40874,59.40874
패션잡화,50000001,2018-04-09,53.77888000000001,53.77888000000001
패션잡화,50000001,2018-04-10,53.6927,53.6927
패션잡화,50000001,2018-04-11,52.046409999999995,52.046409999999995
패션잡화,50000001,2018-04-12,48.390879999999996,48.390879999999996
패션잡화,50000001,2018-04-13,43.03523,43.03523
패션잡화,50000001,2018-04-14,50.29385,50.29385
패션잡화,50000001,2018-04-15,61.99678,61.99678
패션잡화,50000001,2018-04-16,55.2641,55.2641
패션잡화,50000001,2018-04-17,52.911590000000004,52.911590000000004
패션잡화,50000001,2018-04-18,50.063,50.063
패션잡화,50000001,2018-04-19,47.03439,47.03439
패션잡화,50000001,2018-04-20,42.341159999999995,42.341159999999995
패션잡화,50000001,2018-04-21,46.87746,46.87746
패션잡화,50000001,2018-04-22,61.59693000000001,61.59693000000001
패션잡화,50000001,2018-04-23,55.82653000000001,55.82653000000001
패션잡화,50000001,2018-04-24,51.0414,51.0414
패션잡화,50000001,2018-04-25,48.58447,48.58447
패션잡화,50000001,2018-04-26,46.19433,46.19433
패션잡화,50000001,2018-04-27,41.33844000000001,41.33844000000001
패션잡화,50000001,2018-04-28,45.8298,45.8298
패션잡화,50000001,2018-04-29,57.09729,57.09729
패션잡화,50000001,2018-04-30,51.07206,51.07206
패션잡화,50000001,2018-05-01,60.08501,60.08501
패션잡화,50000001,2018-05-02,54.90725,54.90725
패션잡화,50000001,2018-05-03,47.36058,47.36058
패션잡화,50000001,2018-05-04,40.70905,40.70905
패션잡화,50000001,2018-05-05,45.06208,45.06208
패션잡화,50000001,2018-05-06,55.59972,55.59972
패션잡화,50000001,2018-05-07,60.7833,60.7833
패션잡화,50000001,2018-05-08,55.18445,55.18445
패션잡화,50000001,2018-05-09,50.06414,50.06414
패션잡화,50000001,2018-05-10,47.60148,47.60148
패션잡화,50000001,2018-05-11,42.06361,42.06361
패션잡화,50000001,2018-05-12,47.78502,47.78502
패션잡화,50000001,2018-05-13,59.64788000000001,59.64788000000001
패션잡화,50000001,2018-05-14,55.05915,55.05915
패션잡화,50000001,2018-05-15,51.75652,51.75652
패션잡화,50000001,2018-05-16,50.36593,50.36593
패션잡화,50000001,2018-05-17,48.33537000000001,48.33537000000001
패션잡화,50000001,2018-05-18,39.37195,39.37195
패션잡화,50000001,2018-05-19,42.03171,42.03171
패션잡화,50000001,2018-05-20,54.65489,54.65489
패션잡화,50000001,2018-05-21,47.75841,47.75841
패션잡화,50000001,2018-05-22,58.641369999999995,58.641369999999995
패션잡화,50000001,2018-05-23,51.90208,51.90208
패션잡화,50000001,2018-05-24,47.11122,47.11122
패션잡화,50000001,2018-05-25,42.389179999999996,42.389179999999996
패션잡화,50000001,2018-05-26,45.97801,45.97801
패션잡화,50000001,2018-05-27,59.61545,59.61545
패션잡화,50000001,2018-05-28,54.08348,54.08348
패션잡화,50000001,2018-05-29,51.71696,51.71696
패션잡화,50000001,2018-05-30,49.00767000000001,49.00767000000001
패션잡화,50000001,2018-05-31,47.74511,47.74511
패션잡화,50000001,2018-06-01,47.0847,47.0847
패션잡화,50000001,2018-06-02,49.74315,49.74315
패션잡화,50000001,2018-06-03,66.73592,66.73592
패션잡화,50000001,2018-06-04,57.29298000000001,57.29298000000001
패션잡화,50000001,2018-06-05,49.58684,49.58684
패션잡화,50000001,2018-06-06,61.69473000000001,61.69473000000001
패션잡화,50000001,2018-06-07,54.35804,54.35804
패션잡화,50000001,2018-06-08,45.75085,45.75085
패션잡화,50000001,2018-06-09,50.65943,50.65943
패션잡화,50000001,2018-06-10,63.45928000000001,63.45928000000001
패션잡화,50000001,2018-06-11,57.73046,57.73046
패션잡화,50000001,2018-06-12,50.41016,50.41016
패션잡화,50000001,2018-06-13,58.268209999999996,58.268209999999996
패션잡화,50000001,2018-06-14,52.54962,52.54962
패션잡화,50000001,2018-06-15,45.99528,45.99528
패션잡화,50000001,2018-06-16,47.92494,47.92494
패션잡화,50000001,2018-06-17,62.03229,62.03229
패션잡화,50000001,2018-06-18,53.45771,53.45771
패션잡화,50000001,2018-06-19,50.58868,50.58868
패션잡화,50000001,2018-06-20,49.96863,49.96863
패션잡화,50000001,2018-06-21,48.17333,48.17333
패션잡화,50000001,2018-06-22,43.79722,43.79722
패션잡화,50000001,2018-06-23,46.79437,46.79437
패션잡화,50000001,2018-06-24,58.35896999999999,58.35896999999999
패션잡화,50000001,2018-06-25,56.83727,56.83727
패션잡화,50000001,2018-06-26,59.562059999999995,59.562059999999995
패션잡화,50000001,2018-06-27,53.12403000000001,53.12403000000001
패션잡화,50000001,2018-06-28,45.34245,45.34245
패션잡화,50000001,2018-06-29,43.73889000000001,43.73889000000001
패션잡화,50000001,2018-06-30,52.34229000000001,52.34229000000001
패션잡화,50000001,2018-07-01,74.45863,74.45863
패션잡화,50000001,2018-07-02,65.78888,65.78888
패션잡화,50000001,2018-07-03,59.89539,59.89539
패션잡화,50000001,2018-07-04,56.141619999999996,56.141619999999996
패션잡화,50000001,2018-07-05,52.13126,52.13126
패션잡화,50000001,2018-07-06,45.19909000000001,45.19909000000001
패션잡화,50000001,2018-07-07,48.41018,48.41018
패션잡화,50000001,2018-07-08,60.54848000000001,60.54848000000001
패션잡화,50000001,2018-07-09,55.24763000000001,55.24763000000001
패션잡화,50000001,2018-07-10,53.24333000000001,53.24333000000001
패션잡화,50000001,2018-07-11,52.228629999999995,52.228629999999995
패션잡화,50000001,2018-07-12,47.2967,47.2967
패션잡화,50000001,2018-07-13,42.19313,42.19313
패션잡화,50000001,2018-07-14,45.78249,45.78249
패션잡화,50000001,2018-07-15,58.8242,58.8242
패션잡화,50000001,2018-07-16,54.00489,54.00489
패션잡화,50000001,2018-07-17,50.96465,50.96465
패션잡화,50000001,2018-07-18,50.33015,50.33015
패션잡화,50000001,2018-07-19,45.700540000000004,45.700540000000004
패션잡화,50000001,2018-07-20,42.54735,42.54735
패션잡화,50000001,2018-07-21,45.11935,45.11935
패션잡화,50000001,2018-07-22,56.66271,56.66271
패션잡화,50000001,2018-07-23,53.17954,53.17954
패션잡화,50000001,2018-07-24,50.47245,50.47245
패션잡화,50000001,2018-07-25,48.17668,48.17668
패션잡화,50000001,2018-07-26,45.656659999999995,45.656659999999995
패션잡화,50000001,2018-07-27,40.67117,40.67117
패션잡화,50000001,2018-07-28,42.637570000000004,42.637570000000004
패션잡화,50000001,2018-07-29,53.23743,53.23743
패션잡화,50000001,2018-07-30,49.353429999999996,49.353429999999996
패션잡화,50000001,2018-07-31,49.23791,49.23791
패션잡화,50000001,2018-08-01,52.18378,52.18378
패션잡화,50000001,2018-08-02,48.69716,48.69716
패션잡화,50000001,2018-08-03,42.621359999999996,42.621359999999996
패션잡화,50000001,2018-08-04,44.151,44.151
패션잡화,50000001,2018-08-05,54.13766999999999,54.13766999999999
패션잡화,50000001,2018-08-06,50.55713,50.55713
패션잡화,50000001,2018-08-07,49.301970000000004,49.301970000000004
패션잡화,50000001,2018-08-08,48.51063,48.51063
패션잡화,50000001,2018-08-09,45.34377,45.34377
패션잡화,50000001,2018-08-10,42.205909999999996,42.205909999999996
패션잡화,50000001,2018-08-11,44.81757,44.81757
패션잡화,50000001,2018-08-12,55.70273,55.70273
패션잡화,50000001,2018-08-13,50.47853,50.47853
패션잡화,50000001,2018-08-14,45.94417,45.94417
패션잡화,50000001,2018-08-15,55.62051999999999,55.62051999999999
패션잡화,50000001,2018-08-16,50.31561,50.31561
패션잡화,50000001,2018-08-17,45.35532,45.35532
패션잡화,50000001,2018-08-18,47.47918,47.47918
패션잡화,50000001,2018-08-19,57.752309999999994,57.752309999999994
패션잡화,50000001,2018-08-20,55.56748,55.56748
패션잡화,50000001,2018-08-21,53.030269999999994,53.030269999999994
패션잡화,50000001,2018-08-22,51.64162,51.64162
패션잡화,50000001,2018-08-23,50.32989,50.32989
패션잡화,50000001,2018-08-24,46.657090000000004,46.657090000000004
패션잡화,50000001,2018-08-25,49.47493,49.47493
패션잡화,50000001,2018-08-26,63.734719999999996,63.734719999999996
패션잡화,50000001,2018-08-27,57.019130000000004,57.019130000000004
패션잡화,50000001,2018-08-28,55.72906999999999,55.72906999999999
패션잡화,50000001,2018-08-29,53.24509000000001,53.24509000000001
패션잡화,50000001,2018-08-30,49.84774,49.84774
패션잡화,50000001,2018-08-31,46.656209999999994,46.656209999999994
패션잡화,50000001,2018-09-01,51.721709999999995,51.721709999999995
패션잡화,50000001,2018-09-02,63.52607,63.52607
패션잡화,50000001,2018-09-03,60.60434,60.60434
패션잡화,50000001,2018-09-04,55.60633000000001,55.60633000000001
패션잡화,50000001,2018-09-05,53.95502,53.95502
패션잡화,50000001,2018-09-06,50.99232,50.99232
패션잡화,50000001,2018-09-07,45.62600000000001,45.62600000000001
패션잡화,50000001,2018-09-08,48.62324,48.62324
패션잡화,50000001,2018-09-09,62.07441,62.07441
패션잡화,50000001,2018-09-10,57.59045,57.59045
패션잡화,50000001,2018-09-11,55.83631,55.83631
패션잡화,50000001,2018-09-12,53.825669999999995,53.825669999999995
패션잡화,50000001,2018-09-13,48.88282,48.88282
패션잡화,50000001,2018-09-14,44.08068,44.08068
패션잡화,50000001,2018-09-15,48.4627,48.4627
패션잡화,50000001,2018-09-16,62.79068,62.79068
패션잡화,50000001,2018-09-17,55.48526999999999,55.48526999999999
패션잡화,50000001,2018-09-18,50.41492,50.41492
패션잡화,50000001,2018-09-19,45.7372,45.7372
패션잡화,50000001,2018-09-20,40.49538,40.49538
패션잡화,50000001,2018-09-21,37.2761,37.2761
패션잡화,50000001,2018-09-22,43.47341,43.47341
패션잡화,50000001,2018-09-23,48.48226,48.48226
패션잡화,50000001,2018-09-24,49.25016,49.25016
패션잡화,50000001,2018-09-25,54.93033000000001,54.93033000000001
패션잡화,50000001,2018-09-26,67.15137,67.15137
패션잡화,50000001,2018-09-27,58.10309,58.10309
패션잡화,50000001,2018-09-28,49.94175,49.94175
패션잡화,50000001,2018-09-29,53.20482,53.20482
패션잡화,50000001,2018-09-30,64.43406999999999,64.43406999999999
패션잡화,50000001,2018-10-01,60.64338000000001,60.64338000000001
패션잡화,50000001,2018-10-02,49.99647,49.99647
패션잡화,50000001,2018-10-03,59.540380000000006,59.540380000000006
패션잡화,50000001,2018-10-04,52.51526,52.51526
패션잡화,50000001,2018-10-05,48.00953,48.00953
패션잡화,50000001,2018-10-06,52.17347,52.17347
패션잡화,50000001,2018-10-07,61.4771,61.4771
패션잡화,50000001,2018-10-08,53.136630000000004,53.136630000000004
패션잡화,50000001,2018-10-09,59.03796,59.03796
패션잡화,50000001,2018-10-10,55.81639000000001,55.81639000000001
패션잡화,50000001,2018-10-11,51.196999999999996,51.196999999999996
패션잡화,50000001,2018-10-12,44.66769,44.66769
패션잡화,50000001,2018-10-13,45.769529999999996,45.769529999999996
패션잡화,50000001,2018-10-14,57.82501,57.82501
패션잡화,50000001,2018-10-15,52.294709999999995,52.294709999999995
패션잡화,50000001,2018-10-16,50.19578,50.19578
패션잡화,50000001,2018-10-17,48.98397,48.98397
패션잡화,50000001,2018-10-18,45.64812,45.64812
패션잡화,50000001,2018-10-19,40.26735,40.26735
패션잡화,50000001,2018-10-20,44.615790000000004,44.615790000000004
패션잡화,50000001,2018-10-21,56.232369999999996,56.232369999999996
패션잡화,50000001,2018-10-22,51.42539,51.42539
패션잡화,50000001,2018-10-23,47.70378,47.70378
패션잡화,50000001,2018-10-24,46.94337,46.94337
패션잡화,50000001,2018-10-25,43.81132,43.81132
패션잡화,50000001,2018-10-26,41.399770000000004,41.399770000000004
패션잡화,50000001,2018-10-27,44.069309999999994,44.069309999999994
패션잡화,50000001,2018-10-28,57.31413000000001,57.31413000000001
패션잡화,50000001,2018-10-29,52.68205,52.68205
패션잡화,50000001,2018-10-30,49.82227,49.82227
패션잡화,50000001,2018-10-31,47.76379,47.76379
패션잡화,50000001,2018-11-01,47.91684,47.91684
패션잡화,50000001,2018-11-02,41.37845,41.37845
패션잡화,50000001,2018-11-03,45.541059999999995,45.541059999999995
패션잡화,50000001,2018-11-04,57.77549000000001,57.77549000000001
패션잡화,50000001,2018-11-05,52.08676,52.08676
패션잡화,50000001,2018-11-06,48.64033,48.64033
패션잡화,50000001,2018-11-07,47.54342000000001,47.54342000000001
패션잡화,50000001,2018-11-08,45.75262,45.75262
패션잡화,50000001,2018-11-09,40.66685,40.66685
패션잡화,50000001,2018-11-10,45.37532,45.37532
패션잡화,50000001,2018-11-11,59.6381,59.6381
패션잡화,50000001,2018-11-12,52.62919,52.62919
패션잡화,50000001,2018-11-13,49.39087,49.39087
패션잡화,50000001,2018-11-14,46.97553,46.97553
패션잡화,50000001,2018-11-15,43.4853,43.4853
패션잡화,50000001,2018-11-16,40.60358,40.60358
패션잡화,50000001,2018-11-17,44.615,44.615
패션잡화,50000001,2018-11-18,56.35793,56.35793
패션잡화,50000001,2018-11-19,52.680730000000004,52.680730000000004
패션잡화,50000001,2018-11-20,50.34548,50.34548
패션잡화,50000001,2018-11-21,48.85964,48.85964
패션잡화,50000001,2018-11-22,47.04743,47.04743
패션잡화,50000001,2018-11-23,44.45111,44.45111
패션잡화,50000001,2018-11-24,49.9407,49.9407
패션잡화,50000001,2018-11-25,61.4311,61.4311
패션잡화,50000001,2018-11-26,54.51268,54.51268
패션잡화,50000001,2018-11-27,49.52322,49.52322
패션잡화,50000001,2018-11-28,47.964859999999994,47.964859999999994
패션잡화,50000001,2018-11-29,45.37585,45.37585
패션잡화,50000001,2018-11-30,41.63195,41.63195
패션잡화,50000001,2018-12-01,48.75452,48.75452
패션잡화,50000001,2018-12-02,61.808930000000004,61.808930000000004
패션잡화,50000001,2018-12-03,55.54659,55.54659
패션잡화,50000001,2018-12-04,54.068059999999996,54.068059999999996
패션잡화,50000001,2018-12-05,53.86505,53.86505
패션잡화,50000001,2018-12-06,51.14608,51.14608
패션잡화,50000001,2018-12-07,49.28725,49.28725
패션잡화,50000001,2018-12-08,55.112019999999994,55.112019999999994
패션잡화,50000001,2018-12-09,70.04885999999999,70.04885999999999
패션잡화,50000001,2018-12-10,65.1899,65.1899
패션잡화,50000001,2018-12-11,62.13098000000001,62.13098000000001
패션잡화,50000001,2018-12-12,59.205909999999996,59.205909999999996
패션잡화,50000001,2018-12-13,55.539719999999996,55.539719999999996
패션잡화,50000001,2018-12-14,50.02581,50.02581
패션잡화,50000001,2018-12-15,54.45109,54.45109
패션잡화,50000001,2018-12-16,69.76875,69.76875
패션잡화,50000001,2018-12-17,62.86275,62.86275
패션잡화,50000001,2018-12-18,56.90749,56.90749
패션잡화,50000001,2018-12-19,53.23434,53.23434
패션잡화,50000001,2018-12-20,47.884679999999996,47.884679999999996
패션잡화,50000001,2018-12-21,40.885459999999995,40.885459999999995
패션잡화,50000001,2018-12-22,43.82339,43.82339
패션잡화,50000001,2018-12-23,52.812369999999994,52.812369999999994
패션잡화,50000001,2018-12-24,43.91679,43.91679
패션잡화,50000001,2018-12-25,52.46221,52.46221
패션잡화,50000001,2018-12-26,52.26149,52.26149
패션잡화,50000001,2018-12-27,48.82043,48.82043
패션잡화,50000001,2018-12-28,45.906459999999996,45.906459999999996
패션잡화,50000001,2018-12-29,48.72016,48.72016
패션잡화,50000001,2018-12-30,55.98134,55.98134
패션잡화,50000001,2018-12-31,44.67245,44.67245
화장품/미용,50000002,2018-01-01,19.314,19.314
화장품/미용,50000002,2018-01-02,20.854210000000002,20.854210000000002
화장품/미용,50000002,2018-01-03,20.76575,20.76575
화장품/미용,50000002,2018-01-04,19.880129999999998,19.880129999999998
화장품/미용,50000002,2018-01-05,18.19445,18.19445
화장품/미용,50000002,2018-01-06,18.50795,18.50795
화장품/미용,50000002,2018-01-07,21.71489,21.71489
화장품/미용,50000002,2018-01-08,21.832079999999998,21.832079999999998
화장품/미용,50000002,2018-01-09,21.10612,21.10612
화장품/미용,50000002,2018-01-10,21.25468,21.25468
화장품/미용,50000002,2018-01-11,20.66019,20.66019
화장품/미용,50000002,2018-01-12,18.79009,18.79009
화장품/미용,50000002,2018-01-13,18.57456,18.57456
화장품/미용,50000002,2018-01-14,21.84275,21.84275
화장품/미용,50000002,2018-01-15,21.98011,21.98011
화장품/미용,50000002,2018-01-16,21.10577,21.10577
화장품/미용,50000002,2018-01-17,20.565379999999998,20.565379999999998
화장품/미용,50000002,2018-01-18,19.85299,19.85299
화장품/미용,50000002,2018-01-19,17.69881,17.69881
화장품/미용,50000002,2018-01-20,17.9168,17.9168
화장품/미용,50000002,2018-01-21,21.24746,21.24746
화장품/미용,50000002,2018-01-22,21.26393,21.26393
화장품/미용,50000002,2018-01-23,20.77923,20.77923
화장품/미용,50000002,2018-01-24,20.7461,20.7461
화장품/미용,50000002,2018-01-25,20.386860000000002,20.386860000000002
화장품/미용,50000002,2018-01-26,18.48293,18.48293
화장품/미용,50000002,2018-01-27,19.53517,19.53517
화장품/미용,50000002,2018-01-28,23.01641,23.01641
화장품/미용,50000002,2018-01-29,22.98345,22.98345
화장품/미용,50000002,2018-01-30,22.06188,22.06188
화장품/미용,50000002,2018-01-31,21.98734,21.98734
화장품/미용,50000002,2018-02-01,24.38823,24.38823
화장품/미용,50000002,2018-02-02,20.79597,20.79597
화장품/미용,50000002,2018-02-03,20.25989,20.25989
화장품/미용,50000002,2018-02-04,24.29554,24.29554
화장품/미용,50000002,2018-02-05,25.00008,25.00008
화장품/미용,50000002,2018-02-06,23.82528,23.82528
화장품/미용,50000002,2018-02-07,24.160629999999998,24.160629999999998
화장품/미용,50000002,2018-02-08,22.30472,22.30472
화장품/미용,50000002,2018-02-09,19.56971,19.56971
화장품/미용,50000002,2018-02-10,19.97652,19.97652
화장품/미용,50000002,2018-02-11,22.93384,22.93384
화장품/미용,50000002,2018-02-12,20.29778,20.29778
화장품/미용,50000002,2018-02-13,16.967480000000002,16.967480000000002
화장품/미용,50000002,2018-02-14,15.294839999999999,15.294839999999999
화장품/미용,50000002,2018-02-15,16.492639999999998,16.492639999999998
화장품/미용,50000002,2018-02-16,17.26495,17.26495
화장품/미용,50000002,2018-02-17,20.41744,20.41744
화장품/미용,50000002,2018-02-18,24.899810000000002,24.899810000000002
화장품/미용,50000002,2018-02-19,26.01505,26.01505
화장품/미용,50000002,2018-02-20,23.45926,23.45926
화장품/미용,50000002,2018-02-21,22.351329999999997,22.351329999999997
화장품/미용,50000002,2018-02-22,21.92469,21.92469
화장품/미용,50000002,2018-02-23,18.93926,18.93926
화장품/미용,50000002,2018-02-24,19.08747,19.08747
화장품/미용,50000002,2018-02-25,22.9957,22.9957
화장품/미용,50000002,2018-02-26,23.2796,23.2796
화장품/미용,50000002,2018-02-27,22.32666,22.32666
화장품/미용,50000002,2018-02-28,21.06092,21.06092
화장품/미용,50000002,2018-03-01,26.451559999999997,26.451559999999997
화장품/미용,50000002,2018-03-02,21.51585,21.51585
화장품/미용,50000002,2018-03-03,20.16323,20.16323
화장품/미용,50000002,2018-03-04,24.18892,24.18892
화장품/미용,50000002,2018-03-05,22.11475,22.11475
화장품/미용,50000002,2018-03-06,21.17194,21.17194
화장품/미용,50000002,2018-03-07,20.8046,20.8046
화장품/미용,50000002,2018-03-08,19.37559,19.37559
화장품/미용,50000002,2018-03-09,16.58199,16.58199
화장품/미용,50000002,2018-03-10,17.70251,17.70251
화장품/미용,50000002,2018-03-11,21.45717,21.45717
화장품/미용,50000002,2018-03-12,19.90383,19.90383
화장품/미용,50000002,2018-03-13,18.60373,18.60373
화장품/미용,50000002,2018-03-14,18.095760000000002,18.095760000000002
화장품/미용,50000002,2018-03-15,17.78005,17.78005
화장품/미용,50000002,2018-03-16,15.72914,15.72914
화장품/미용,50000002,2018-03-17,16.25923,16.25923
화장품/미용,50000002,2018-03-18,19.53763,19.53763
화장품/미용,50000002,2018-03-19,18.57712,18.57712
화장품/미용,50000002,2018-03-20,18.11638,18.11638
화장품/미용,50000002,2018-03-21,18.24211,18.24211
화장품/미용,50000002,2018-03-22,16.7879,16.7879
화장품/미용,50000002,2018-03-23,15.495379999999999,15.495379999999999
화장품/미용,50000002,2018-03-24,16.20733,16.20733
화장품/미용,50000002,2018-03-25,19.37621,19.37621
화장품/미용,50000002,2018-03-26,18.65677,18.65677
화장품/미용,50000002,2018-03-27,17.88825,17.88825
화장품/미용,50000002,2018-03-28,17.056379999999994,17.056379999999994
화장품/미용,50000002,2018-03-29,16.91514,16.91514
화장품/미용,50000002,2018-03-30,15.73293,15.73293
화장품/미용,50000002,2018-03-31,15.982470000000001,15.982470000000001
화장품/미용,50000002,2018-04-01,22.51698,22.51698
화장품/미용,50000002,2018-04-02,19.79651,19.79651
화장품/미용,50000002,2018-04-03,19.378410000000002,19.378410000000002
화장품/미용,50000002,2018-04-04,19.110020000000002,19.110020000000002
화장품/미용,50000002,2018-04-05,17.4432,17.4432
화장품/미용,50000002,2018-04-06,15.42789,15.42789
화장품/미용,50000002,2018-04-07,15.59319,15.59319
화장품/미용,50000002,2018-04-08,19.04182,19.04182
화장품/미용,50000002,2018-04-09,19.75007,19.75007
화장품/미용,50000002,2018-04-10,19.47481,19.47481
화장품/미용,50000002,2018-04-11,19.6802,19.6802
화장품/미용,50000002,2018-04-12,19.69271,19.69271
화장품/미용,50000002,2018-04-13,17.449279999999998,17.449279999999998
화장품/미용,50000002,2018-04-14,17.62154,17.62154
화장품/미용,50000002,2018-04-15,20.0634,20.0634
화장품/미용,50000002,2018-04-16,19.75562,19.75562
화장품/미용,50000002,2018-04-17,18.8189,18.8189
화장품/미용,50000002,2018-04-18,18.39904,18.39904
화장품/미용,50000002,2018-04-19,17.49765,17.49765
화장품/미용,50000002,2018-04-20,15.78527,15.78527
화장품/미용,50000002,2018-04-21,15.43635,15.43635
화장품/미용,50000002,2018-04-22,19.4341,19.4341
화장품/미용,50000002,2018-04-23,18.93027,18.93027
화장품/미용,50000002,2018-04-24,17.99276,17.99276
화장품/미용,50000002,2018-04-25,17.89477,17.89477
화장품/미용,50000002,2018-04-26,17.46047,17.46047
화장품/미용,50000002,2018-04-27,14.88732,14.88732
화장품/미용,50000002,2018-04-28,14.971020000000001,14.971020000000001
화장품/미용,50000002,2018-04-29,17.654320000000006,17.654320000000006
화장품/미용,50000002,2018-04-30,17.74683,17.74683
화장품/미용,50000002,2018-05-01,21.30191,21.30191
화장품/미용,50000002,2018-05-02,19.90929,19.90929
화장품/미용,50000002,2018-05-03,18.149160000000002,18.149160000000002
화장품/미용,50000002,2018-05-04,15.177470000000001,15.177470000000001
화장품/미용,50000002,2018-05-05,14.838679999999998,14.838679999999998
화장품/미용,50000002,2018-05-06,17.3483,17.3483
화장품/미용,50000002,2018-05-07,19.87854,19.87854
화장품/미용,50000002,2018-05-08,20.13539,20.13539
화장품/미용,50000002,2018-05-09,19.46529,19.46529
화장품/미용,50000002,2018-05-10,18.89644,18.89644
화장품/미용,50000002,2018-05-11,16.7242,16.7242
화장품/미용,50000002,2018-05-12,16.63864,16.63864
화장품/미용,50000002,2018-05-13,18.92366,18.92366
화장품/미용,50000002,2018-05-14,19.366429999999998,19.366429999999998
화장품/미용,50000002,2018-05-15,18.652810000000002,18.652810000000002
화장품/미용,50000002,2018-05-16,17.44981,17.44981
화장품/미용,50000002,2018-05-17,15.842279999999999,15.842279999999999
화장품/미용,50000002,2018-05-18,14.105670000000002,14.105670000000002
화장품/미용,50000002,2018-05-19,13.71375,13.71375
화장품/미용,50000002,2018-05-20,16.82156,16.82156
화장품/미용,50000002,2018-05-21,16.73636,16.73636
화장품/미용,50000002,2018-05-22,18.12387,18.12387
화장품/미용,50000002,2018-05-23,17.596870000000006,17.596870000000006
화장품/미용,50000002,2018-05-24,16.439510000000002,16.439510000000002
화장품/미용,50000002,2018-05-25,15.04416,15.04416
화장품/미용,50000002,2018-05-26,15.01719,15.01719
화장품/미용,50000002,2018-05-27,18.27947,18.27947
화장품/미용,50000002,2018-05-28,18.63739,18.63739
화장품/미용,50000002,2018-05-29,17.55069,17.55069
화장품/미용,50000002,2018-05-30,18.578789999999998,18.578789999999998
화장품/미용,50000002,2018-05-31,18.032410000000002,18.032410000000002
화장품/미용,50000002,2018-06-01,18.3882,18.3882
화장품/미용,50000002,2018-06-02,16.952679999999994,16.952679999999994
화장품/미용,50000002,2018-06-03,20.58335,20.58335
화장품/미용,50000002,2018-06-04,20.4422,20.4422
화장품/미용,50000002,2018-06-05,19.26166,19.26166
화장품/미용,50000002,2018-06-06,19.5268,19.5268
화장품/미용,50000002,2018-06-07,17.825779999999995,17.825779999999995
화장품/미용,50000002,2018-06-08,15.28911,15.28911
화장품/미용,50000002,2018-06-09,15.471860000000001,15.471860000000001
화장품/미용,50000002,2018-06-10,18.54734,18.54734
화장품/미용,50000002,2018-06-11,18.14493,18.14493
화장품/미용,50000002,2018-06-12,16.31201,16.31201
화장품/미용,50000002,2018-06-13,17.76622,17.76622
화장품/미용,50000002,2018-06-14,16.88042,16.88042
화장품/미용,50000002,2018-06-15,15.28444,15.28444
화장품/미용,50000002,2018-06-16,14.96071,14.96071
화장품/미용,50000002,2018-06-17,18.478170000000002,18.478170000000002
화장품/미용,50000002,2018-06-18,17.395,17.395
화장품/미용,50000002,2018-06-19,17.26794,17.26794
화장품/미용,50000002,2018-06-20,17.06581,17.06581
화장품/미용,50000002,2018-06-21,16.17834,16.17834
화장품/미용,50000002,2018-06-22,14.650210000000001,14.650210000000001
화장품/미용,50000002,2018-06-23,14.498120000000002,14.498120000000002
화장품/미용,50000002,2018-06-24,16.58859,16.58859
화장품/미용,50000002,2018-06-25,17.86305,17.86305
화장품/미용,50000002,2018-06-26,17.5759,17.5759
화장품/미용,50000002,2018-06-27,16.505770000000002,16.505770000000002
화장품/미용,50000002,2018-06-28,14.6903,14.6903
화장품/미용,50000002,2018-06-29,14.75911,14.75911
화장품/미용,50000002,2018-06-30,15.653189999999999,15.653189999999999
화장품/미용,50000002,2018-07-01,20.76813,20.76813
화장품/미용,50000002,2018-07-02,19.40185,19.40185
화장품/미용,50000002,2018-07-03,19.054779999999997,19.054779999999997
화장품/미용,50000002,2018-07-04,18.18414,18.18414
화장품/미용,50000002,2018-07-05,16.70869,16.70869
화장품/미용,50000002,2018-07-06,14.81965,14.81965
화장품/미용,50000002,2018-07-07,14.6858,14.6858
화장품/미용,50000002,2018-07-08,17.33085,17.33085
화장품/미용,50000002,2018-07-09,18.307579999999998,18.307579999999998
화장품/미용,50000002,2018-07-10,17.8983,17.8983
화장품/미용,50000002,2018-07-11,17.418,17.418
화장품/미용,50000002,2018-07-12,16.5804,16.5804
화장품/미용,50000002,2018-07-13,14.76925,14.76925
화장품/미용,50000002,2018-07-14,14.5509,14.5509
화장품/미용,50000002,2018-07-15,17.58444,17.58444
화장품/미용,50000002,2018-07-16,17.72005,17.72005
화장품/미용,50000002,2018-07-17,17.16168,17.16168
화장품/미용,50000002,2018-07-18,16.62719,16.62719
화장품/미용,50000002,2018-07-19,15.66235,15.66235
화장품/미용,50000002,2018-07-20,14.15061,14.15061
화장품/미용,50000002,2018-07-21,13.998439999999999,13.998439999999999
화장품/미용,50000002,2018-07-22,17.06907,17.06907
화장품/미용,50000002,2018-07-23,17.37236,17.37236
화장품/미용,50000002,2018-07-24,16.69618,16.69618
화장품/미용,50000002,2018-07-25,17.080170000000006,17.080170000000006
화장품/미용,50000002,2018-07-26,16.73759,16.73759
화장품/미용,50000002,2018-07-27,14.2567,14.2567
화장품/미용,50000002,2018-07-28,14.07836,14.07836
화장품/미용,50000002,2018-07-29,17.18785,17.18785
화장품/미용,50000002,2018-07-30,16.99832,16.99832
화장품/미용,50000002,2018-07-31,17.609029999999994,17.609029999999994
화장품/미용,50000002,2018-08-01,19.240170000000006,19.240170000000006
화장품/미용,50000002,2018-08-02,17.03312,17.03312
화장품/미용,50000002,2018-08-03,14.9808,14.9808
화장품/미용,50000002,2018-08-04,14.764220000000002,14.764220000000002
화장품/미용,50000002,2018-08-05,18.42213,18.42213
화장품/미용,50000002,2018-08-06,18.72832,18.72832
화장품/미용,50000002,2018-08-07,19.66055,19.66055
화장품/미용,50000002,2018-08-08,18.11039,18.11039
화장품/미용,50000002,2018-08-09,17.407420000000002,17.407420000000002
화장품/미용,50000002,2018-08-10,15.746329999999999,15.746329999999999
화장품/미용,50000002,2018-08-11,15.47221,15.47221
화장품/미용,50000002,2018-08-12,18.13162,18.13162
화장품/미용,50000002,2018-08-13,18.140610000000002,18.140610000000002
화장품/미용,50000002,2018-08-14,16.223370000000006,16.223370000000006
화장품/미용,50000002,2018-08-15,19.33409,19.33409
화장품/미용,50000002,2018-08-16,18.11867,18.11867
화장품/미용,50000002,2018-08-17,16.27976,16.27976
화장품/미용,50000002,2018-08-18,15.724029999999999,15.724029999999999
화장품/미용,50000002,2018-08-19,18.22863,18.22863
화장품/미용,50000002,2018-08-20,18.80568,18.80568
화장품/미용,50000002,2018-08-21,18.33728,18.33728
화장품/미용,50000002,2018-08-22,17.604,17.604
화장품/미용,50000002,2018-08-23,17.14679,17.14679
화장품/미용,50000002,2018-08-24,16.049789999999998,16.049789999999998
화장품/미용,50000002,2018-08-25,16.675910000000002,16.675910000000002
화장품/미용,50000002,2018-08-26,19.92586,19.92586
화장품/미용,50000002,2018-08-27,18.71017,18.71017
화장품/미용,50000002,2018-08-28,18.09972,18.09972
화장품/미용,50000002,2018-08-29,17.61766,17.61766
화장품/미용,50000002,2018-08-30,17.100620000000006,17.100620000000006
화장품/미용,50000002,2018-08-31,15.83259,15.83259
화장품/미용,50000002,2018-09-01,16.91082,16.91082
화장품/미용,50000002,2018-09-02,19.276120000000002,19.276120000000002
화장품/미용,50000002,2018-09-03,18.942429999999998,18.942429999999998
화장품/미용,50000002,2018-09-04,18.40847,18.40847
화장품/미용,50000002,2018-09-05,17.88394,17.88394
화장품/미용,50000002,2018-09-06,16.83963,16.83963
화장품/미용,50000002,2018-09-07,14.913310000000001,14.913310000000001
화장품/미용,50000002,2018-09-08,15.11835,15.11835
화장품/미용,50000002,2018-09-09,18.30917,18.30917
화장품/미용,50000002,2018-09-10,18.59236,18.59236
화장품/미용,50000002,2018-09-11,18.64496,18.64496
화장품/미용,50000002,2018-09-12,17.79221,17.79221
화장품/미용,50000002,2018-09-13,16.51502,16.51502
화장품/미용,50000002,2018-09-14,15.88739,15.88739
화장품/미용,50000002,2018-09-15,16.03956,16.03956
화장품/미용,50000002,2018-09-16,18.68929,18.68929
화장품/미용,50000002,2018-09-17,18.54496,18.54496
화장품/미용,50000002,2018-09-18,16.76649,16.76649
화장품/미용,50000002,2018-09-19,15.16329,15.16329
화장품/미용,50000002,2018-09-20,14.335820000000002,14.335820000000002
화장품/미용,50000002,2018-09-21,11.92145,11.92145
화장품/미용,50000002,2018-09-22,12.26447,12.26447
화장품/미용,50000002,2018-09-23,12.79526,12.79526
화장품/미용,50000002,2018-09-24,13.135370000000002,13.135370000000002
화장품/미용,50000002,2018-09-25,16.0304,16.0304
화장품/미용,50000002,2018-09-26,20.04014,20.04014
화장품/미용,50000002,2018-09-27,19.26193,19.26193
화장품/미용,50000002,2018-09-28,16.91681,16.91681
화장품/미용,50000002,2018-09-29,16.89408,16.89408
화장품/미용,50000002,2018-09-30,20.00357,20.00357
화장품/미용,50000002,2018-10-01,21.12956,21.12956
화장품/미용,50000002,2018-10-02,17.6107,17.6107
화장품/미용,50000002,2018-10-03,19.79563,19.79563
화장품/미용,50000002,2018-10-04,17.95249,17.95249
화장품/미용,50000002,2018-10-05,15.93956,15.93956
화장품/미용,50000002,2018-10-06,15.862720000000001,15.862720000000001
화장품/미용,50000002,2018-10-07,18.54663,18.54663
화장품/미용,50000002,2018-10-08,17.273320000000002,17.273320000000002
화장품/미용,50000002,2018-10-09,19.538870000000006,19.538870000000006
화장품/미용,50000002,2018-10-10,20.007270000000002,20.007270000000002
화장품/미용,50000002,2018-10-11,18.648220000000002,18.648220000000002
화장품/미용,50000002,2018-10-12,16.60666,16.60666
화장품/미용,50000002,2018-10-13,16.07463,16.07463
화장품/미용,50000002,2018-10-14,19.582829999999998,19.582829999999998
화장품/미용,50000002,2018-10-15,19.725839999999998,19.725839999999998
화장품/미용,50000002,2018-10-16,19.0346,19.0346
화장품/미용,50000002,2018-10-17,17.88684,17.88684
화장품/미용,50000002,2018-10-18,16.94166,16.94166
화장품/미용,50000002,2018-10-19,15.5738,15.5738
화장품/미용,50000002,2018-10-20,15.47979,15.47979
화장품/미용,50000002,2018-10-21,18.73863,18.73863
화장품/미용,50000002,2018-10-22,18.36829,18.36829
화장품/미용,50000002,2018-10-23,17.52127,17.52127
화장품/미용,50000002,2018-10-24,17.46981,17.46981
화장품/미용,50000002,2018-10-25,16.9718,16.9718
화장품/미용,50000002,2018-10-26,14.773029999999999,14.773029999999999
화장품/미용,50000002,2018-10-27,14.76193,14.76193
화장품/미용,50000002,2018-10-28,18.41605,18.41605
화장품/미용,50000002,2018-10-29,18.201320000000006,18.201320000000006
화장품/미용,50000002,2018-10-30,17.732120000000005,17.732120000000005
화장품/미용,50000002,2018-10-31,17.44549,17.44549
화장품/미용,50000002,2018-11-01,19.2488,19.2488
화장품/미용,50000002,2018-11-02,16.329629999999998,16.329629999999998
화장품/미용,50000002,2018-11-03,16.59644,16.59644
화장품/미용,50000002,2018-11-04,19.95617,19.95617
화장품/미용,50000002,2018-11-05,20.28915,20.28915
화장품/미용,50000002,2018-11-06,19.79809,19.79809
화장품/미용,50000002,2018-11-07,18.79855,18.79855
화장품/미용,50000002,2018-11-08,18.07091,18.07091
화장품/미용,50000002,2018-11-09,15.868360000000001,15.868360000000001
화장품/미용,50000002,2018-11-10,16.439420000000002,16.439420000000002
화장품/미용,50000002,2018-11-11,19.80787,19.80787
화장품/미용,50000002,2018-11-12,19.25585,19.25585
화장품/미용,50000002,2018-11-13,18.08607,18.08607
화장품/미용,50000002,2018-11-14,18.00254,18.00254
화장품/미용,50000002,2018-11-15,16.56278,16.56278
화장품/미용,50000002,2018-11-16,15.041429999999998,15.041429999999998
화장품/미용,50000002,2018-11-17,15.16699,15.16699
화장품/미용,50000002,2018-11-18,18.6899,18.6899
화장품/미용,50000002,2018-11-19,19.68945,19.68945
화장품/미용,50000002,2018-11-20,19.02447,19.02447
화장품/미용,50000002,2018-11-21,17.702779999999994,17.702779999999994
화장품/미용,50000002,2018-11-22,16.92589,16.92589
화장품/미용,50000002,2018-11-23,15.50164,15.50164
화장품/미용,50000002,2018-11-24,15.54287,15.54287
화장품/미용,50000002,2018-11-25,19.281579999999998,19.281579999999998
화장품/미용,50000002,2018-11-26,19.17752,19.17752
화장품/미용,50000002,2018-11-27,18.42962,18.42962
화장품/미용,50000002,2018-11-28,17.76728,17.76728
화장품/미용,50000002,2018-11-29,18.36671,18.36671
화장품/미용,50000002,2018-11-30,16.414920000000002,16.414920000000002
화장품/미용,50000002,2018-12-01,17.960420000000006,17.960420000000006
화장품/미용,50000002,2018-12-02,20.79685,20.79685
화장품/미용,50000002,2018-12-03,20.348,20.348
화장품/미용,50000002,2018-12-04,20.39488,20.39488
화장품/미용,50000002,2018-12-05,21.1174,21.1174
화장품/미용,50000002,2018-12-06,19.18069,19.18069
화장품/미용,50000002,2018-12-07,16.57018,16.57018
화장품/미용,50000002,2018-12-08,16.46629,16.46629
화장품/미용,50000002,2018-12-09,20.6838,20.6838
화장품/미용,50000002,2018-12-10,20.853070000000002,20.853070000000002
화장품/미용,50000002,2018-12-11,20.72486,20.72486
화장품/미용,50000002,2018-12-12,19.82224,19.82224
화장품/미용,50000002,2018-12-13,18.69043,18.69043
화장품/미용,50000002,2018-12-14,16.41695,16.41695
화장품/미용,50000002,2018-12-15,16.87725,16.87725
화장품/미용,50000002,2018-12-16,19.89986,19.89986
화장품/미용,50000002,2018-12-17,20.42501,20.42501
화장품/미용,50000002,2018-12-18,19.31471,19.31471
화장품/미용,50000002,2018-12-19,18.2029,18.2029
화장품/미용,50000002,2018-12-20,17.25243,17.25243
화장품/미용,50000002,2018-12-21,15.31246,15.31246
화장품/미용,50000002,2018-12-22,15.82748,15.82748
화장품/미용,50000002,2018-12-23,17.71643,17.71643
화장품/미용,50000002,2018-12-24,15.258529999999999,15.258529999999999
화장품/미용,50000002,2018-12-25,17.44857,17.44857
화장품/미용,50000002,2018-12-26,19.398770000000006,19.398770000000006
화장품/미용,50000002,2018-12-27,17.8034,17.8034
화장품/미용,50000002,2018-12-28,16.43431,16.43431
화장품/미용,50000002,2018-12-29,16.59873,16.59873
화장품/미용,50000002,2018-12-30,18.80612,18.80612
화장품/미용,50000002,2018-12-31,16.53819,16.53819
